sample_id,image_name,farmer_or_batch_id,collection_date,condition,damage_severity,damage_type,spots_count
CF0001,CF0001.jpg,FARM_036,2024-02-02,Healthy,None,None,1
CF0002,CF0002.jpg,FARM_027,2024-03-13,Healthy,None,None,1
CF0003,CF0003.jpg,FARM_039,2024-03-13,Damaged,High,Physical Damage,33
CF0004,CF0004.jpg,FARM_039,2024-02-26,Damaged,Medium,Physical Damage,12
CF0005,CF0005.jpg,FARM_040,2024-03-16,Damaged,Low,Bacterial Spot Rot,5
CF0006,CF0006.jpg,FARM_015,2024-02-13,Damaged,Low,Downy Mildew,3
CF0007,CF0007.jpg,FARM_034,2024-01-20,Damaged,High,Bacterial Spot Rot,28
CF0008,CF0008.jpg,FARM_025,2024-03-04,Healthy,None,None,0
CF0009,CF0009.jpg,FARM_029,2024-01-20,Healthy,None,None,1
CF0010,CF0010.jpg,FARM_029,2024-03-05,Damaged,Low,Bacterial Spot Rot,3
CF0011,CF0011.jpg,FARM_020,2024-02-02,Healthy,None,None,0
CF0012,CF0012.jpg,FARM_038,2024-03-19,Healthy,None,None,0
CF0013,CF0013.jpg,FARM_028,2024-02-16,Damaged,Medium,Black Rot,19
CF0014,CF0014.jpg,FARM_020,2024-02-20,Healthy,None,None,0
CF0015,CF0015.jpg,FARM_037,2024-01-23,Damaged,Low,Downy Mildew,7
CF0016,CF0016.jpg,FARM_040,2024-01-20,Healthy,None,None,0
CF0017,CF0017.jpg,FARM_004,2024-02-20,Healthy,None,None,0
CF0018,CF0018.jpg,FARM_040,2024-02-16,Damaged,Medium,Black Rot,17
CF0019,CF0019.jpg,FARM_007,2024-02-18,Healthy,None,None,1
CF0020,CF0020.jpg,FARM_014,2024-03-07,Healthy,None,None,1
CF0021,CF0021.jpg,FARM_014,2024-03-04,Healthy,None,None,0
CF0022,CF0022.jpg,FARM_017,2024-01-31,Healthy,None,None,0
CF0023,CF0023.jpg,FARM_006,2024-03-06,Damaged,Low,Bacterial Spot Rot,8
CF0024,CF0024.jpg,FARM_011,2024-02-23,Healthy,None,None,0
CF0025,CF0025.jpg,FARM_016,2024-03-07,Healthy,None,None,0
CF0026,CF0026.jpg,FARM_012,2024-01-15,Damaged,Medium,Physical Damage,11
CF0027,CF0027.jpg,FARM_036,2024-02-24,Damaged,High,Downy Mildew,44
CF0028,CF0028.jpg,FARM_005,2024-03-05,Healthy,None,None,0
CF0029,CF0029.jpg,FARM_011,2024-02-14,Damaged,Low,Physical Damage,5
CF0030,CF0030.jpg,FARM_001,2024-01-17,Damaged,Low,Bacterial Spot Rot,4
CF0031,CF0031.jpg,FARM_027,2024-01-19,Healthy,None,None,0
CF0032,CF0032.jpg,FARM_029,2024-03-01,Damaged,High,Bacterial Spot Rot,57
CF0033,CF0033.jpg,FARM_039,2024-02-25,Healthy,None,None,0
CF0034,CF0034.jpg,FARM_031,2024-03-15,Damaged,High,Bacterial Spot Rot,50
CF0035,CF0035.jpg,FARM_019,2024-01-30,Damaged,Low,Downy Mildew,4
CF0036,CF0036.jpg,FARM_003,2024-01-13,Healthy,None,None,1
CF0037,CF0037.jpg,FARM_015,2024-01-28,Healthy,None,None,0
CF0038,CF0038.jpg,FARM_019,2024-03-06,Healthy,None,None,0
CF0039,CF0039.jpg,FARM_019,2024-01-14,Healthy,None,None,0
CF0040,CF0040.jpg,FARM_030,2024-01-26,Damaged,Medium,Black Rot,22
CF0041,CF0041.jpg,FARM_005,2024-01-18,Healthy,None,None,0
CF0042,CF0042.jpg,FARM_015,2024-02-09,Healthy,None,None,0
CF0043,CF0043.jpg,FARM_017,2024-02-25,Healthy,None,None,1
CF0044,CF0044.jpg,FARM_038,2024-02-25,Healthy,None,None,0
CF0045,CF0045.jpg,FARM_013,2024-02-28,Healthy,None,None,0
CF0046,CF0046.jpg,FARM_028,2024-03-22,Damaged,Medium,Black Rot,22
CF0047,CF0047.jpg,FARM_008,2024-01-14,Damaged,High,Physical Damage,30
CF0048,CF0048.jpg,FARM_035,2024-01-29,Healthy,None,None,1
CF0049,CF0049.jpg,FARM_015,2024-03-07,Healthy,None,None,1
CF0050,CF0050.jpg,FARM_010,2024-02-26,Healthy,None,None,0
CF0051,CF0051.jpg,FARM_018,2024-02-26,Healthy,None,None,0
CF0052,CF0052.jpg,FARM_010,2024-03-06,Damaged,Low,Downy Mildew,3
CF0053,CF0053.jpg,FARM_005,2024-01-19,Damaged,Medium,Physical Damage,22
CF0054,CF0054.jpg,FARM_004,2024-03-23,Healthy,None,None,1
CF0055,CF0055.jpg,FARM_011,2024-01-27,Damaged,Low,Physical Damage,4
CF0056,CF0056.jpg,FARM_020,2024-03-17,Healthy,None,None,0
CF0057,CF0057.jpg,FARM_039,2024-02-25,Damaged,Medium,Black Rot,12
CF0058,CF0058.jpg,FARM_037,2024-02-29,Healthy,None,None,0
CF0059,CF0059.jpg,FARM_019,2024-02-19,Healthy,None,None,2
CF0060,CF0060.jpg,FARM_029,2024-02-14,Damaged,Medium,Downy Mildew,10
CF0061,CF0061.jpg,FARM_008,2024-02-10,Healthy,None,None,0
CF0062,CF0062.jpg,FARM_030,2024-01-24,Healthy,None,None,0
CF0063,CF0063.jpg,FARM_020,2024-01-13,Damaged,Low,Bacterial Spot Rot,5
CF0064,CF0064.jpg,FARM_026,2024-02-02,Healthy,None,None,2
CF0065,CF0065.jpg,FARM_018,2024-03-13,Healthy,None,None,1
CF0066,CF0066.jpg,FARM_033,2024-03-16,Healthy,None,None,0
CF0067,CF0067.jpg,FARM_035,2024-02-28,Damaged,High,Physical Damage,40
CF0068,CF0068.jpg,FARM_032,2024-03-21,Healthy,None,None,2
CF0069,CF0069.jpg,FARM_029,2024-01-25,Damaged,Low,Bacterial Spot Rot,9
CF0070,CF0070.jpg,FARM_006,2024-02-12,Healthy,None,None,1
CF0071,CF0071.jpg,FARM_039,2024-02-12,Healthy,None,None,2
CF0072,CF0072.jpg,FARM_003,2024-03-07,Healthy,None,None,0
CF0073,CF0073.jpg,FARM_028,2024-02-06,Damaged,Low,Downy Mildew,8
CF0074,CF0074.jpg,FARM_021,2024-02-15,Damaged,Low,Physical Damage,9
CF0075,CF0075.jpg,FARM_039,2024-03-12,Damaged,Low,Bacterial Spot Rot,5
CF0076,CF0076.jpg,FARM_017,2024-02-04,Healthy,None,None,0
CF0077,CF0077.jpg,FARM_002,2024-01-25,Healthy,None,None,0
CF0078,CF0078.jpg,FARM_006,2024-01-27,Healthy,None,None,1
CF0079,CF0079.jpg,FARM_015,2024-01-19,Damaged,High,Bacterial Spot Rot,36
CF0080,CF0080.jpg,FARM_037,2024-03-07,Healthy,None,None,0
CF0081,CF0081.jpg,FARM_038,2024-02-01,Healthy,None,None,2
CF0082,CF0082.jpg,FARM_002,2024-03-06,Damaged,High,Black Rot,29
CF0083,CF0083.jpg,FARM_018,2024-01-21,Damaged,Low,Downy Mildew,9
CF0084,CF0084.jpg,FARM_037,2024-02-19,Healthy,None,None,0
CF0085,CF0085.jpg,FARM_003,2024-02-23,Damaged,High,Downy Mildew,55
CF0086,CF0086.jpg,FARM_012,2024-01-18,Healthy,None,None,0
CF0087,CF0087.jpg,FARM_031,2024-03-20,Healthy,None,None,0
CF0088,CF0088.jpg,FARM_034,2024-03-19,Damaged,Medium,Downy Mildew,19
CF0089,CF0089.jpg,FARM_029,2024-02-16,Damaged,Medium,Physical Damage,22
CF0090,CF0090.jpg,FARM_018,2024-02-17,Healthy,None,None,1
CF0091,CF0091.jpg,FARM_012,2024-01-30,Healthy,None,None,0
CF0092,CF0092.jpg,FARM_038,2024-02-01,Healthy,None,None,0
CF0093,CF0093.jpg,FARM_028,2024-02-25,Damaged,High,Black Rot,25
CF0094,CF0094.jpg,FARM_032,2024-03-15,Damaged,High,Physical Damage,36
CF0095,CF0095.jpg,FARM_006,2024-02-07,Healthy,None,None,0
CF0096,CF0096.jpg,FARM_031,2024-01-25,Healthy,None,None,1
CF0097,CF0097.jpg,FARM_023,2024-02-04,Healthy,None,None,0
CF0098,CF0098.jpg,FARM_027,2024-01-27,Damaged,Low,Downy Mildew,6
CF0099,CF0099.jpg,FARM_022,2024-02-09,Healthy,None,None,0
CF0100,CF0100.jpg,FARM_021,2024-03-13,Healthy,None,None,1
CF0101,CF0101.jpg,FARM_007,2024-01-13,Damaged,Medium,Physical Damage,21
CF0102,CF0102.jpg,FARM_011,2024-02-25,Healthy,None,None,0
CF0103,CF0103.jpg,FARM_022,2024-03-20,Damaged,Low,Bacterial Spot Rot,3
CF0104,CF0104.jpg,FARM_027,2024-03-23,Damaged,Low,Physical Damage,9
CF0105,CF0105.jpg,FARM_032,2024-02-26,Healthy,None,None,0
CF0106,CF0106.jpg,FARM_019,2024-03-09,Damaged,Medium,Physical Damage,21
CF0107,CF0107.jpg,FARM_026,2024-03-20,Damaged,High,Downy Mildew,29
CF0108,CF0108.jpg,FARM_036,2024-01-26,Damaged,Medium,Bacterial Spot Rot,17
CF0109,CF0109.jpg,FARM_003,2024-01-21,Healthy,None,None,0
CF0110,CF0110.jpg,FARM_030,2024-01-18,Healthy,None,None,0
CF0111,CF0111.jpg,FARM_006,2024-02-18,Damaged,Medium,Downy Mildew,19
CF0112,CF0112.jpg,FARM_021,2024-02-29,Healthy,None,None,1
CF0113,CF0113.jpg,FARM_017,2024-03-11,Damaged,Medium,Bacterial Spot Rot,18
CF0114,CF0114.jpg,FARM_021,2024-03-17,Damaged,Medium,Bacterial Spot Rot,20
CF0115,CF0115.jpg,FARM_008,2024-03-02,Healthy,None,None,0
CF0116,CF0116.jpg,FARM_026,2024-03-02,Healthy,None,None,1
CF0117,CF0117.jpg,FARM_033,2024-03-23,Healthy,None,None,0
CF0118,CF0118.jpg,FARM_001,2024-01-19,Healthy,None,None,1
CF0119,CF0119.jpg,FARM_035,2024-01-26,Healthy,None,None,0
CF0120,CF0120.jpg,FARM_030,2024-02-19,Damaged,Medium,Bacterial Spot Rot,10
CF0121,CF0121.jpg,FARM_027,2024-01-19,Healthy,None,None,1
CF0122,CF0122.jpg,FARM_004,2024-03-07,Healthy,None,None,0
CF0123,CF0123.jpg,FARM_013,2024-03-09,Healthy,None,None,2
CF0124,CF0124.jpg,FARM_034,2024-03-16,Healthy,None,None,0
CF0125,CF0125.jpg,FARM_024,2024-02-23,Healthy,None,None,0
CF0126,CF0126.jpg,FARM_040,2024-01-26,Healthy,None,None,0
CF0127,CF0127.jpg,FARM_032,2024-03-20,Healthy,None,None,1
CF0128,CF0128.jpg,FARM_029,2024-03-25,Damaged,Low,Downy Mildew,5
CF0129,CF0129.jpg,FARM_004,2024-02-02,Healthy,None,None,2
CF0130,CF0130.jpg,FARM_014,2024-01-26,Damaged,Low,Bacterial Spot Rot,3
CF0131,CF0131.jpg,FARM_018,2024-03-05,Healthy,None,None,0
CF0132,CF0132.jpg,FARM_036,2024-03-14,Healthy,None,None,0
CF0133,CF0133.jpg,FARM_009,2024-01-17,Healthy,None,None,0
CF0134,CF0134.jpg,FARM_019,2024-01-25,Healthy,None,None,0
CF0135,CF0135.jpg,FARM_029,2024-03-16,Healthy,None,None,1
CF0136,CF0136.jpg,FARM_032,2024-01-29,Healthy,None,None,0
CF0137,CF0137.jpg,FARM_008,2024-02-17,Healthy,None,None,1
CF0138,CF0138.jpg,FARM_002,2024-01-31,Healthy,None,None,0
CF0139,CF0139.jpg,FARM_039,2024-01-30,Healthy,None,None,0
CF0140,CF0140.jpg,FARM_016,2024-02-20,Damaged,Low,Black Rot,3
CF0141,CF0141.jpg,FARM_011,2024-02-07,Healthy,None,None,0
CF0142,CF0142.jpg,FARM_020,2024-02-23,Damaged,Low,Black Rot,9
CF0143,CF0143.jpg,FARM_036,2024-03-16,Healthy,None,None,0
CF0144,CF0144.jpg,FARM_001,2024-02-15,Healthy,None,None,0
CF0145,CF0145.jpg,FARM_036,2024-01-20,Damaged,Medium,Black Rot,21
CF0146,CF0146.jpg,FARM_027,2024-02-11,Healthy,None,None,0
CF0147,CF0147.jpg,FARM_006,2024-02-04,Healthy,None,None,0
CF0148,CF0148.jpg,FARM_015,2024-03-20,Damaged,Low,Black Rot,5
CF0149,CF0149.jpg,FARM_008,2024-02-14,Healthy,None,None,1
CF0150,CF0150.jpg,FARM_030,2024-01-26,Healthy,None,None,0
CF0151,CF0151.jpg,FARM_008,2024-02-17,Damaged,Low,Downy Mildew,9
CF0152,CF0152.jpg,FARM_010,2024-03-18,Healthy,None,None,0
CF0153,CF0153.jpg,FARM_032,2024-01-21,Healthy,None,None,0
CF0154,CF0154.jpg,FARM_019,2024-03-14,Damaged,Medium,Physical Damage,13
CF0155,CF0155.jpg,FARM_033,2024-01-31,Healthy,None,None,1
CF0156,CF0156.jpg,FARM_018,2024-03-25,Healthy,None,None,1
CF0157,CF0157.jpg,FARM_027,2024-03-24,Healthy,None,None,0
CF0158,CF0158.jpg,FARM_031,2024-01-29,Damaged,High,Physical Damage,42
CF0159,CF0159.jpg,FARM_031,2024-01-31,Damaged,Medium,Black Rot,15
CF0160,CF0160.jpg,FARM_016,2024-02-22,Healthy,None,None,2
CF0161,CF0161.jpg,FARM_030,2024-03-22,Damaged,Medium,Physical Damage,12
CF0162,CF0162.jpg,FARM_036,2024-01-15,Damaged,Low,Black Rot,6
CF0163,CF0163.jpg,FARM_010,2024-01-13,Healthy,None,None,0
CF0164,CF0164.jpg,FARM_025,2024-01-20,Healthy,None,None,2
CF0165,CF0165.jpg,FARM_013,2024-01-15,Healthy,None,None,0
CF0166,CF0166.jpg,FARM_039,2024-03-23,Healthy,None,None,0
CF0167,CF0167.jpg,FARM_033,2024-02-12,Healthy,None,None,1
CF0168,CF0168.jpg,FARM_009,2024-02-05,Damaged,Medium,Black Rot,18
CF0169,CF0169.jpg,FARM_005,2024-03-23,Healthy,None,None,0
CF0170,CF0170.jpg,FARM_018,2024-03-03,Damaged,Low,Physical Damage,5
CF0171,CF0171.jpg,FARM_027,2024-01-13,Damaged,Low,Physical Damage,9
CF0172,CF0172.jpg,FARM_022,2024-03-13,Healthy,None,None,0
CF0173,CF0173.jpg,FARM_033,2024-03-19,Healthy,None,None,0
CF0174,CF0174.jpg,FARM_018,2024-02-16,Damaged,Low,Bacterial Spot Rot,9
CF0175,CF0175.jpg,FARM_001,2024-02-17,Healthy,None,None,0
CF0176,CF0176.jpg,FARM_019,2024-03-11,Damaged,Low,Black Rot,8
CF0177,CF0177.jpg,FARM_020,2024-02-10,Healthy,None,None,1
CF0178,CF0178.jpg,FARM_038,2024-03-01,Damaged,Low,Physical Damage,4
CF0179,CF0179.jpg,FARM_038,2024-02-17,Damaged,Low,Physical Damage,8
CF0180,CF0180.jpg,FARM_032,2024-03-08,Healthy,None,None,1
CF0181,CF0181.jpg,FARM_010,2024-01-19,Healthy,None,None,0
CF0182,CF0182.jpg,FARM_029,2024-01-17,Damaged,High,Physical Damage,52
CF0183,CF0183.jpg,FARM_035,2024-01-30,Healthy,None,None,0
CF0184,CF0184.jpg,FARM_031,2024-03-06,Healthy,None,None,0
CF0185,CF0185.jpg,FARM_023,2024-03-03,Damaged,High,Bacterial Spot Rot,52
CF0186,CF0186.jpg,FARM_022,2024-03-11,Healthy,None,None,0
CF0187,CF0187.jpg,FARM_036,2024-03-09,Healthy,None,None,0
CF0188,CF0188.jpg,FARM_035,2024-02-05,Healthy,None,None,0
CF0189,CF0189.jpg,FARM_025,2024-02-22,Damaged,High,Black Rot,57
CF0190,CF0190.jpg,FARM_030,2024-01-28,Healthy,None,None,0
CF0191,CF0191.jpg,FARM_021,2024-02-19,Damaged,Low,Black Rot,3
CF0192,CF0192.jpg,FARM_013,2024-02-19,Healthy,None,None,0
CF0193,CF0193.jpg,FARM_016,2024-02-23,Healthy,None,None,1
CF0194,CF0194.jpg,FARM_037,2024-03-01,Damaged,Low,Downy Mildew,7
CF0195,CF0195.jpg,FARM_025,2024-01-26,Damaged,High,Bacterial Spot Rot,42
CF0196,CF0196.jpg,FARM_015,2024-02-26,Damaged,Medium,Bacterial Spot Rot,15
CF0197,CF0197.jpg,FARM_027,2024-03-15,Healthy,None,None,0
CF0198,CF0198.jpg,FARM_003,2024-03-21,Damaged,Low,Black Rot,6
CF0199,CF0199.jpg,FARM_021,2024-01-23,Damaged,Low,Downy Mildew,5
CF0200,CF0200.jpg,FARM_031,2024-02-19,Healthy,None,None,0
CF0201,CF0201.jpg,FARM_025,2024-02-09,Damaged,Low,Downy Mildew,5
CF0202,CF0202.jpg,FARM_025,2024-03-09,Healthy,None,None,1
CF0203,CF0203.jpg,FARM_010,2024-01-25,Healthy,None,None,0
CF0204,CF0204.jpg,FARM_032,2024-02-13,Healthy,None,None,0
CF0205,CF0205.jpg,FARM_003,2024-03-07,Damaged,Medium,Black Rot,16
CF0206,CF0206.jpg,FARM_009,2024-02-10,Damaged,Low,Physical Damage,4
CF0207,CF0207.jpg,FARM_033,2024-01-28,Healthy,None,None,0
CF0208,CF0208.jpg,FARM_038,2024-01-22,Healthy,None,None,0
CF0209,CF0209.jpg,FARM_022,2024-01-16,Healthy,None,None,0
CF0210,CF0210.jpg,FARM_007,2024-02-16,Damaged,High,Bacterial Spot Rot,27
CF0211,CF0211.jpg,FARM_029,2024-02-28,Damaged,Medium,Downy Mildew,11
CF0212,CF0212.jpg,FARM_007,2024-03-03,Damaged,High,Physical Damage,53
CF0213,CF0213.jpg,FARM_034,2024-02-10,Healthy,None,None,0
CF0214,CF0214.jpg,FARM_030,2024-01-30,Healthy,None,None,0
CF0215,CF0215.jpg,FARM_001,2024-02-20,Healthy,None,None,2
CF0216,CF0216.jpg,FARM_010,2024-03-23,Healthy,None,None,0
CF0217,CF0217.jpg,FARM_027,2024-02-19,Healthy,None,None,1
CF0218,CF0218.jpg,FARM_010,2024-02-03,Healthy,None,None,1
CF0219,CF0219.jpg,FARM_005,2024-01-30,Healthy,None,None,0
CF0220,CF0220.jpg,FARM_031,2024-03-13,Healthy,None,None,0
CF0221,CF0221.jpg,FARM_017,2024-03-15,Damaged,Low,Downy Mildew,3
CF0222,CF0222.jpg,FARM_022,2024-03-09,Damaged,Low,Physical Damage,9
CF0223,CF0223.jpg,FARM_040,2024-03-13,Healthy,None,None,2
CF0224,CF0224.jpg,FARM_026,2024-02-18,Damaged,High,Physical Damage,49
CF0225,CF0225.jpg,FARM_006,2024-03-13,Damaged,Medium,Bacterial Spot Rot,23
CF0226,CF0226.jpg,FARM_022,2024-01-12,Healthy,None,None,0
CF0227,CF0227.jpg,FARM_035,2024-01-21,Healthy,None,None,0
CF0228,CF0228.jpg,FARM_025,2024-02-29,Healthy,None,None,1
CF0229,CF0229.jpg,FARM_021,2024-03-14,Healthy,None,None,0
CF0230,CF0230.jpg,FARM_032,2024-03-08,Damaged,Low,Downy Mildew,9
CF0231,CF0231.jpg,FARM_035,2024-02-09,Healthy,None,None,0
CF0232,CF0232.jpg,FARM_003,2024-02-06,Healthy,None,None,0
CF0233,CF0233.jpg,FARM_040,2024-03-24,Damaged,Low,Downy Mildew,6
CF0234,CF0234.jpg,FARM_005,2024-02-24,Damaged,Medium,Physical Damage,19
CF0235,CF0235.jpg,FARM_016,2024-01-16,Healthy,None,None,0
CF0236,CF0236.jpg,FARM_019,2024-01-16,Healthy,None,None,0
CF0237,CF0237.jpg,FARM_015,2024-02-15,Healthy,None,None,0
CF0238,CF0238.jpg,FARM_006,2024-03-13,Damaged,Low,Black Rot,3
CF0239,CF0239.jpg,FARM_028,2024-03-10,Damaged,Medium,Downy Mildew,19
CF0240,CF0240.jpg,FARM_007,2024-02-15,Damaged,Low,Bacterial Spot Rot,5
CF0241,CF0241.jpg,FARM_007,2024-03-18,Healthy,None,None,0
CF0242,CF0242.jpg,FARM_029,2024-01-11,Healthy,None,None,0
CF0243,CF0243.jpg,FARM_011,2024-01-23,Damaged,Medium,Black Rot,15
CF0244,CF0244.jpg,FARM_020,2024-03-05,Healthy,None,None,0
CF0245,CF0245.jpg,FARM_002,2024-01-27,Damaged,Medium,Downy Mildew,24
CF0246,CF0246.jpg,FARM_003,2024-02-12,Healthy,None,None,1
CF0247,CF0247.jpg,FARM_021,2024-02-25,Healthy,None,None,1
CF0248,CF0248.jpg,FARM_004,2024-03-01,Healthy,None,None,0
CF0249,CF0249.jpg,FARM_019,2024-02-25,Damaged,High,Bacterial Spot Rot,36
CF0250,CF0250.jpg,FARM_023,2024-01-15,Damaged,Low,Black Rot,9
CF0251,CF0251.jpg,FARM_024,2024-03-01,Healthy,None,None,2
CF0252,CF0252.jpg,FARM_028,2024-01-16,Healthy,None,None,0
CF0253,CF0253.jpg,FARM_010,2024-03-22,Healthy,None,None,0
CF0254,CF0254.jpg,FARM_016,2024-03-21,Damaged,Medium,Downy Mildew,10
CF0255,CF0255.jpg,FARM_034,2024-02-03,Healthy,None,None,0
CF0256,CF0256.jpg,FARM_027,2024-02-25,Damaged,High,Bacterial Spot Rot,39
CF0257,CF0257.jpg,FARM_037,2024-03-20,Damaged,Medium,Black Rot,13
CF0258,CF0258.jpg,FARM_012,2024-02-15,Healthy,None,None,0
CF0259,CF0259.jpg,FARM_011,2024-01-19,Damaged,Medium,Downy Mildew,23
CF0260,CF0260.jpg,FARM_012,2024-02-28,Damaged,Low,Black Rot,7
CF0261,CF0261.jpg,FARM_006,2024-03-14,Healthy,None,None,1
CF0262,CF0262.jpg,FARM_040,2024-03-07,Damaged,Low,Physical Damage,7
CF0263,CF0263.jpg,FARM_025,2024-03-20,Healthy,None,None,0
CF0264,CF0264.jpg,FARM_040,2024-02-14,Damaged,Medium,Physical Damage,15
CF0265,CF0265.jpg,FARM_016,2024-01-25,Healthy,None,None,2
CF0266,CF0266.jpg,FARM_032,2024-01-26,Damaged,High,Black Rot,46
CF0267,CF0267.jpg,FARM_038,2024-01-22,Damaged,Medium,Physical Damage,20
CF0268,CF0268.jpg,FARM_010,2024-02-29,Healthy,None,None,0
CF0269,CF0269.jpg,FARM_015,2024-02-26,Healthy,None,None,0
CF0270,CF0270.jpg,FARM_030,2024-02-22,Healthy,None,None,0
CF0271,CF0271.jpg,FARM_017,2024-03-21,Healthy,None,None,0
CF0272,CF0272.jpg,FARM_030,2024-02-25,Healthy,None,None,1
CF0273,CF0273.jpg,FARM_017,2024-01-28,Healthy,None,None,2
CF0274,CF0274.jpg,FARM_001,2024-02-04,Healthy,None,None,0
CF0275,CF0275.jpg,FARM_030,2024-03-15,Damaged,Medium,Physical Damage,22
CF0276,CF0276.jpg,FARM_019,2024-03-01,Healthy,None,None,0
CF0277,CF0277.jpg,FARM_035,2024-03-14,Damaged,High,Black Rot,41
CF0278,CF0278.jpg,FARM_011,2024-01-15,Damaged,Low,Physical Damage,6
CF0279,CF0279.jpg,FARM_005,2024-01-15,Healthy,None,None,0
CF0280,CF0280.jpg,FARM_029,2024-01-14,Healthy,None,None,0
CF0281,CF0281.jpg,FARM_023,2024-01-27,Healthy,None,None,0
CF0282,CF0282.jpg,FARM_038,2024-02-21,Damaged,Medium,Black Rot,18
CF0283,CF0283.jpg,FARM_020,2024-03-10,Damaged,High,Black Rot,32
CF0284,CF0284.jpg,FARM_028,2024-03-16,Healthy,None,None,0
CF0285,CF0285.jpg,FARM_017,2024-03-08,Damaged,Medium,Physical Damage,19
CF0286,CF0286.jpg,FARM_030,2024-01-29,Healthy,None,None,0
CF0287,CF0287.jpg,FARM_020,2024-03-15,Healthy,None,None,0
CF0288,CF0288.jpg,FARM_013,2024-01-27,Healthy,None,None,0
CF0289,CF0289.jpg,FARM_025,2024-02-20,Damaged,Medium,Downy Mildew,23
CF0290,CF0290.jpg,FARM_031,2024-02-19,Healthy,None,None,0
CF0291,CF0291.jpg,FARM_007,2024-01-30,Healthy,None,None,0
CF0292,CF0292.jpg,FARM_016,2024-02-29,Damaged,High,Black Rot,57
CF0293,CF0293.jpg,FARM_025,2024-02-17,Damaged,Medium,Black Rot,11
CF0294,CF0294.jpg,FARM_037,2024-03-25,Damaged,Low,Downy Mildew,8
CF0295,CF0295.jpg,FARM_023,2024-02-22,Damaged,High,Physical Damage,31
CF0296,CF0296.jpg,FARM_037,2024-03-14,Damaged,Medium,Bacterial Spot Rot,20
CF0297,CF0297.jpg,FARM_019,2024-03-15,Damaged,Low,Downy Mildew,6
CF0298,CF0298.jpg,FARM_019,2024-03-18,Healthy,None,None,1
CF0299,CF0299.jpg,FARM_002,2024-03-12,Healthy,None,None,0
CF0300,CF0300.jpg,FARM_026,2024-03-22,Healthy,None,None,1
CF0301,CF0301.jpg,FARM_018,2024-02-17,Damaged,Low,Bacterial Spot Rot,3
CF0302,CF0302.jpg,FARM_001,2024-03-10,Healthy,None,None,0
CF0303,CF0303.jpg,FARM_037,2024-01-12,Healthy,None,None,0
CF0304,CF0304.jpg,FARM_004,2024-02-26,Healthy,None,None,0
CF0305,CF0305.jpg,FARM_039,2024-02-21,Healthy,None,None,0
CF0306,CF0306.jpg,FARM_032,2024-01-24,Damaged,Medium,Physical Damage,14
CF0307,CF0307.jpg,FARM_019,2024-03-03,Healthy,None,None,0
CF0308,CF0308.jpg,FARM_015,2024-03-24,Damaged,Medium,Black Rot,24
CF0309,CF0309.jpg,FARM_039,2024-02-18,Damaged,Medium,Black Rot,11
CF0310,CF0310.jpg,FARM_023,2024-01-13,Healthy,None,None,1
CF0311,CF0311.jpg,FARM_015,2024-03-10,Damaged,Low,Physical Damage,7
CF0312,CF0312.jpg,FARM_013,2024-02-12,Damaged,Medium,Physical Damage,10
CF0313,CF0313.jpg,FARM_040,2024-03-24,Healthy,None,None,0
CF0314,CF0314.jpg,FARM_017,2024-03-23,Healthy,None,None,0
CF0315,CF0315.jpg,FARM_009,2024-02-08,Damaged,Medium,Physical Damage,22
CF0316,CF0316.jpg,FARM_007,2024-01-16,Damaged,Low,Physical Damage,4
CF0317,CF0317.jpg,FARM_003,2024-03-24,Healthy,None,None,0
CF0318,CF0318.jpg,FARM_020,2024-03-11,Healthy,None,None,0
CF0319,CF0319.jpg,FARM_029,2024-01-31,Healthy,None,None,0
CF0320,CF0320.jpg,FARM_003,2024-03-17,Damaged,High,Physical Damage,48
CF0321,CF0321.jpg,FARM_038,2024-02-27,Healthy,None,None,1
CF0322,CF0322.jpg,FARM_024,2024-01-28,Healthy,None,None,0
CF0323,CF0323.jpg,FARM_009,2024-02-10,Damaged,High,Physical Damage,26
CF0324,CF0324.jpg,FARM_006,2024-01-14,Damaged,Medium,Physical Damage,11
CF0325,CF0325.jpg,FARM_019,2024-03-23,Damaged,Low,Black Rot,4
CF0326,CF0326.jpg,FARM_021,2024-01-24,Healthy,None,None,0
CF0327,CF0327.jpg,FARM_027,2024-02-03,Healthy,None,None,0
CF0328,CF0328.jpg,FARM_012,2024-01-12,Healthy,None,None,0
CF0329,CF0329.jpg,FARM_013,2024-03-06,Damaged,High,Bacterial Spot Rot,35
CF0330,CF0330.jpg,FARM_009,2024-02-19,Healthy,None,None,0
CF0331,CF0331.jpg,FARM_035,2024-03-03,Damaged,Low,Bacterial Spot Rot,8
CF0332,CF0332.jpg,FARM_024,2024-01-29,Healthy,None,None,0
CF0333,CF0333.jpg,FARM_034,2024-03-02,Healthy,None,None,0
CF0334,CF0334.jpg,FARM_033,2024-02-05,Healthy,None,None,0
CF0335,CF0335.jpg,FARM_018,2024-03-02,Damaged,Medium,Black Rot,18
CF0336,CF0336.jpg,FARM_011,2024-03-14,Damaged,Medium,Downy Mildew,12
CF0337,CF0337.jpg,FARM_017,2024-03-10,Damaged,Medium,Bacterial Spot Rot,20
CF0338,CF0338.jpg,FARM_031,2024-01-17,Damaged,Medium,Downy Mildew,13
CF0339,CF0339.jpg,FARM_019,2024-01-27,Damaged,Low,Black Rot,3
CF0340,CF0340.jpg,FARM_022,2024-03-16,Healthy,None,None,0
CF0341,CF0341.jpg,FARM_008,2024-02-05,Damaged,High,Downy Mildew,50
CF0342,CF0342.jpg,FARM_030,2024-03-21,Damaged,Low,Black Rot,3
CF0343,CF0343.jpg,FARM_005,2024-02-20,Healthy,None,None,0
CF0344,CF0344.jpg,FARM_010,2024-03-11,Damaged,High,Physical Damage,45
CF0345,CF0345.jpg,FARM_015,2024-03-17,Healthy,None,None,0
CF0346,CF0346.jpg,FARM_026,2024-02-27,Healthy,None,None,0
CF0347,CF0347.jpg,FARM_036,2024-02-19,Damaged,Low,Physical Damage,6
CF0348,CF0348.jpg,FARM_024,2024-02-01,Healthy,None,None,2
CF0349,CF0349.jpg,FARM_006,2024-03-08,Healthy,None,None,0
CF0350,CF0350.jpg,FARM_026,2024-03-18,Damaged,High,Bacterial Spot Rot,27
CF0351,CF0351.jpg,FARM_001,2024-02-22,Healthy,None,None,1
CF0352,CF0352.jpg,FARM_017,2024-03-19,Healthy,None,None,0
CF0353,CF0353.jpg,FARM_035,2024-02-24,Healthy,None,None,0
CF0354,CF0354.jpg,FARM_008,2024-02-12,Healthy,None,None,0
CF0355,CF0355.jpg,FARM_030,2024-03-11,Damaged,High,Bacterial Spot Rot,38
CF0356,CF0356.jpg,FARM_024,2024-02-03,Damaged,Low,Downy Mildew,9
CF0357,CF0357.jpg,FARM_017,2024-02-10,Healthy,None,None,0
CF0358,CF0358.jpg,FARM_038,2024-02-14,Healthy,None,None,0
CF0359,CF0359.jpg,FARM_025,2024-03-21,Healthy,None,None,1
CF0360,CF0360.jpg,FARM_024,2024-02-17,Healthy,None,None,0
CF0361,CF0361.jpg,FARM_007,2024-02-07,Healthy,None,None,0
CF0362,CF0362.jpg,FARM_015,2024-02-17,Healthy,None,None,0
CF0363,CF0363.jpg,FARM_031,2024-02-15,Damaged,High,Downy Mildew,48
CF0364,CF0364.jpg,FARM_002,2024-02-05,Healthy,None,None,0
CF0365,CF0365.jpg,FARM_040,2024-03-12,Damaged,Medium,Bacterial Spot Rot,14
CF0366,CF0366.jpg,FARM_036,2024-02-19,Damaged,Low,Physical Damage,8
CF0367,CF0367.jpg,FARM_021,2024-03-11,Healthy,None,None,0
CF0368,CF0368.jpg,FARM_040,2024-02-23,Healthy,None,None,0
CF0369,CF0369.jpg,FARM_015,2024-03-21,Damaged,Medium,Black Rot,15
CF0370,CF0370.jpg,FARM_005,2024-02-14,Healthy,None,None,0
CF0371,CF0371.jpg,FARM_030,2024-02-15,Healthy,None,None,0
CF0372,CF0372.jpg,FARM_020,2024-01-25,Healthy,None,None,0
CF0373,CF0373.jpg,FARM_027,2024-03-23,Healthy,None,None,0
CF0374,CF0374.jpg,FARM_008,2024-03-19,Healthy,None,None,0
CF0375,CF0375.jpg,FARM_009,2024-02-27,Healthy,None,None,0
CF0376,CF0376.jpg,FARM_003,2024-02-29,Healthy,None,None,0
CF0377,CF0377.jpg,FARM_003,2024-02-23,Healthy,None,None,0
CF0378,CF0378.jpg,FARM_020,2024-01-28,Damaged,Medium,Physical Damage,15
CF0379,CF0379.jpg,FARM_032,2024-02-16,Damaged,Medium,Bacterial Spot Rot,15
CF0380,CF0380.jpg,FARM_008,2024-01-15,Healthy,None,None,0
CF0381,CF0381.jpg,FARM_007,2024-02-15,Healthy,None,None,1
CF0382,CF0382.jpg,FARM_016,2024-01-20,Healthy,None,None,0
CF0383,CF0383.jpg,FARM_035,2024-02-23,Healthy,None,None,0
CF0384,CF0384.jpg,FARM_009,2024-03-06,Healthy,None,None,0
CF0385,CF0385.jpg,FARM_025,2024-02-11,Damaged,Low,Black Rot,4
CF0386,CF0386.jpg,FARM_030,2024-03-11,Healthy,None,None,0
CF0387,CF0387.jpg,FARM_024,2024-02-06,Damaged,Medium,Downy Mildew,10
CF0388,CF0388.jpg,FARM_035,2024-02-04,Healthy,None,None,0
CF0389,CF0389.jpg,FARM_027,2024-03-18,Damaged,Medium,Bacterial Spot Rot,16
CF0390,CF0390.jpg,FARM_038,2024-02-13,Damaged,Low,Physical Damage,6
CF0391,CF0391.jpg,FARM_010,2024-03-21,Healthy,None,None,0
CF0392,CF0392.jpg,FARM_027,2024-02-13,Damaged,Low,Downy Mildew,8
CF0393,CF0393.jpg,FARM_007,2024-01-27,Healthy,None,None,0
CF0394,CF0394.jpg,FARM_032,2024-01-23,Healthy,None,None,0
CF0395,CF0395.jpg,FARM_040,2024-03-25,Healthy,None,None,0
CF0396,CF0396.jpg,FARM_027,2024-02-09,Healthy,None,None,0
CF0397,CF0397.jpg,FARM_018,2024-02-10,Damaged,High,Downy Mildew,35
CF0398,CF0398.jpg,FARM_003,2024-01-16,Healthy,None,None,0
CF0399,CF0399.jpg,FARM_024,2024-03-17,Healthy,None,None,0
CF0400,CF0400.jpg,FARM_014,2024-02-07,Damaged,Low,Bacterial Spot Rot,5
CF0401,CF0401.jpg,FARM_029,2024-02-08,Damaged,High,Physical Damage,38
CF0402,CF0402.jpg,FARM_029,2024-01-16,Healthy,None,None,0
CF0403,CF0403.jpg,FARM_016,2024-01-22,Damaged,Medium,Bacterial Spot Rot,19
CF0404,CF0404.jpg,FARM_024,2024-03-02,Healthy,None,None,0
CF0405,CF0405.jpg,FARM_007,2024-02-21,Healthy,None,None,0
CF0406,CF0406.jpg,FARM_024,2024-03-10,Healthy,None,None,0
CF0407,CF0407.jpg,FARM_035,2024-01-22,Damaged,Low,Black Rot,4
CF0408,CF0408.jpg,FARM_023,2024-01-27,Healthy,None,None,1
CF0409,CF0409.jpg,FARM_004,2024-01-10,Damaged,Low,Black Rot,6
CF0410,CF0410.jpg,FARM_026,2024-03-20,Healthy,None,None,0
CF0411,CF0411.jpg,FARM_018,2024-01-30,Damaged,Medium,Downy Mildew,21
CF0412,CF0412.jpg,FARM_013,2024-03-02,Damaged,Low,Physical Damage,8
CF0413,CF0413.jpg,FARM_008,2024-03-10,Damaged,Medium,Black Rot,16
CF0414,CF0414.jpg,FARM_030,2024-03-11,Healthy,None,None,0
CF0415,CF0415.jpg,FARM_006,2024-02-04,Healthy,None,None,1
CF0416,CF0416.jpg,FARM_014,2024-02-15,Healthy,None,None,0
CF0417,CF0417.jpg,FARM_039,2024-02-20,Healthy,None,None,1
CF0418,CF0418.jpg,FARM_002,2024-02-15,Damaged,Medium,Black Rot,11
CF0419,CF0419.jpg,FARM_004,2024-01-17,Healthy,None,None,0
CF0420,CF0420.jpg,FARM_022,2024-01-21,Damaged,High,Black Rot,48
CF0421,CF0421.jpg,FARM_016,2024-03-23,Damaged,Medium,Black Rot,22
CF0422,CF0422.jpg,FARM_009,2024-02-08,Healthy,None,None,0
CF0423,CF0423.jpg,FARM_037,2024-03-18,Damaged,High,Bacterial Spot Rot,57
CF0424,CF0424.jpg,FARM_014,2024-01-14,Healthy,None,None,1
CF0425,CF0425.jpg,FARM_005,2024-02-01,Healthy,None,None,1
CF0426,CF0426.jpg,FARM_036,2024-03-03,Healthy,None,None,1
CF0427,CF0427.jpg,FARM_014,2024-02-01,Healthy,None,None,0
CF0428,CF0428.jpg,FARM_038,2024-01-14,Healthy,None,None,0
CF0429,CF0429.jpg,FARM_014,2024-02-29,Damaged,Medium,Downy Mildew,16
CF0430,CF0430.jpg,FARM_015,2024-03-13,Damaged,Low,Downy Mildew,3
CF0431,CF0431.jpg,FARM_022,2024-02-02,Damaged,Low,Black Rot,4
CF0432,CF0432.jpg,FARM_010,2024-02-16,Healthy,None,None,0
CF0433,CF0433.jpg,FARM_039,2024-01-14,Damaged,Low,Downy Mildew,8
CF0434,CF0434.jpg,FARM_001,2024-01-11,Damaged,High,Downy Mildew,53
CF0435,CF0435.jpg,FARM_018,2024-02-17,Healthy,None,None,0
CF0436,CF0436.jpg,FARM_010,2024-03-22,Healthy,None,None,0
CF0437,CF0437.jpg,FARM_009,2024-01-23,Damaged,Medium,Downy Mildew,13
CF0438,CF0438.jpg,FARM_035,2024-02-21,Healthy,None,None,0
CF0439,CF0439.jpg,FARM_017,2024-02-15,Healthy,None,None,0
CF0440,CF0440.jpg,FARM_012,2024-03-08,Healthy,None,None,0
CF0441,CF0441.jpg,FARM_008,2024-03-19,Healthy,None,None,0
CF0442,CF0442.jpg,FARM_002,2024-03-17,Damaged,Medium,Downy Mildew,10
CF0443,CF0443.jpg,FARM_009,2024-03-13,Healthy,None,None,0
CF0444,CF0444.jpg,FARM_001,2024-01-27,Healthy,None,None,1
CF0445,CF0445.jpg,FARM_023,2024-03-14,Healthy,None,None,1
CF0446,CF0446.jpg,FARM_016,2024-03-09,Healthy,None,None,0
CF0447,CF0447.jpg,FARM_038,2024-02-13,Damaged,Low,Bacterial Spot Rot,7
CF0448,CF0448.jpg,FARM_021,2024-02-03,Damaged,Medium,Black Rot,10
CF0449,CF0449.jpg,FARM_002,2024-01-24,Damaged,High,Physical Damage,41
CF0450,CF0450.jpg,FARM_012,2024-02-21,Healthy,None,None,0
CF0451,CF0451.jpg,FARM_017,2024-01-30,Damaged,Low,Bacterial Spot Rot,5
CF0452,CF0452.jpg,FARM_004,2024-03-08,Healthy,None,None,1
CF0453,CF0453.jpg,FARM_009,2024-02-11,Healthy,None,None,2
CF0454,CF0454.jpg,FARM_027,2024-02-02,Healthy,None,None,0
CF0455,CF0455.jpg,FARM_034,2024-01-11,Damaged,Low,Downy Mildew,9
CF0456,CF0456.jpg,FARM_008,2024-02-22,Damaged,High,Black Rot,33
CF0457,CF0457.jpg,FARM_005,2024-02-16,Healthy,None,None,0
CF0458,CF0458.jpg,FARM_031,2024-03-22,Healthy,None,None,1
CF0459,CF0459.jpg,FARM_029,2024-02-03,Healthy,None,None,1
CF0460,CF0460.jpg,FARM_024,2024-02-01,Healthy,None,None,1
CF0461,CF0461.jpg,FARM_033,2024-03-01,Healthy,None,None,0
CF0462,CF0462.jpg,FARM_038,2024-03-04,Damaged,Low,Black Rot,4
CF0463,CF0463.jpg,FARM_007,2024-03-15,Damaged,High,Black Rot,32
CF0464,CF0464.jpg,FARM_029,2024-02-20,Healthy,None,None,0
CF0465,CF0465.jpg,FARM_033,2024-01-21,Healthy,None,None,1
CF0466,CF0466.jpg,FARM_015,2024-03-01,Healthy,None,None,0
CF0467,CF0467.jpg,FARM_040,2024-01-22,Damaged,Medium,Black Rot,14
CF0468,CF0468.jpg,FARM_003,2024-02-02,Damaged,Medium,Downy Mildew,11
CF0469,CF0469.jpg,FARM_034,2024-01-27,Damaged,Low,Black Rot,4
CF0470,CF0470.jpg,FARM_020,2024-03-11,Healthy,None,None,0
CF0471,CF0471.jpg,FARM_030,2024-02-20,Healthy,None,None,0
CF0472,CF0472.jpg,FARM_002,2024-02-10,Healthy,None,None,0
CF0473,CF0473.jpg,FARM_004,2024-01-10,Healthy,None,None,0
CF0474,CF0474.jpg,FARM_031,2024-02-12,Healthy,None,None,0
CF0475,CF0475.jpg,FARM_026,2024-02-28,Healthy,None,None,0
CF0476,CF0476.jpg,FARM_028,2024-02-09,Healthy,None,None,0
CF0477,CF0477.jpg,FARM_007,2024-03-07,Healthy,None,None,0
CF0478,CF0478.jpg,FARM_032,2024-02-13,Damaged,Low,Physical Damage,3
CF0479,CF0479.jpg,FARM_029,2024-02-21,Healthy,None,None,0
CF0480,CF0480.jpg,FARM_005,2024-02-17,Healthy,None,None,0
CF0481,CF0481.jpg,FARM_006,2024-03-24,Healthy,None,None,0
CF0482,CF0482.jpg,FARM_021,2024-03-23,Healthy,None,None,2
CF0483,CF0483.jpg,FARM_039,2024-01-11,Healthy,None,None,0
CF0484,CF0484.jpg,FARM_010,2024-02-12,Healthy,None,None,0
CF0485,CF0485.jpg,FARM_005,2024-02-25,Healthy,None,None,0
CF0486,CF0486.jpg,FARM_009,2024-02-09,Damaged,Low,Physical Damage,4
CF0487,CF0487.jpg,FARM_018,2024-01-17,Damaged,High,Black Rot,34
CF0488,CF0488.jpg,FARM_040,2024-01-25,Damaged,Medium,Downy Mildew,19
CF0489,CF0489.jpg,FARM_038,2024-03-09,Damaged,High,Physical Damage,36
CF0490,CF0490.jpg,FARM_036,2024-02-18,Damaged,Low,Physical Damage,4
CF0491,CF0491.jpg,FARM_021,2024-01-30,Healthy,None,None,0
CF0492,CF0492.jpg,FARM_025,2024-03-01,Healthy,None,None,1
CF0493,CF0493.jpg,FARM_039,2024-03-14,Healthy,None,None,0
CF0494,CF0494.jpg,FARM_034,2024-02-18,Damaged,Low,Physical Damage,4
CF0495,CF0495.jpg,FARM_019,2024-01-25,Damaged,Medium,Bacterial Spot Rot,24
CF0496,CF0496.jpg,FARM_030,2024-02-16,Healthy,None,None,1
CF0497,CF0497.jpg,FARM_033,2024-02-26,Healthy,None,None,1
CF0498,CF0498.jpg,FARM_039,2024-02-07,Healthy,None,None,0
CF0499,CF0499.jpg,FARM_028,2024-02-07,Damaged,High,Bacterial Spot Rot,33
CF0500,CF0500.jpg,FARM_007,2024-01-27,Healthy,None,None,0
CF0501,CF0501.jpg,FARM_008,2024-03-11,Healthy,None,None,0
CF0502,CF0502.jpg,FARM_036,2024-01-29,Damaged,Low,Physical Damage,5
CF0503,CF0503.jpg,FARM_014,2024-03-08,Healthy,None,None,0
CF0504,CF0504.jpg,FARM_028,2024-02-26,Healthy,None,None,0
CF0505,CF0505.jpg,FARM_029,2024-03-03,Healthy,None,None,1
CF0506,CF0506.jpg,FARM_015,2024-03-20,Damaged,High,Downy Mildew,28
CF0507,CF0507.jpg,FARM_027,2024-03-10,Healthy,None,None,0
CF0508,CF0508.jpg,FARM_022,2024-03-18,Healthy,None,None,0
CF0509,CF0509.jpg,FARM_030,2024-02-06,Healthy,None,None,1
CF0510,CF0510.jpg,FARM_026,2024-02-10,Healthy,None,None,0
CF0511,CF0511.jpg,FARM_027,2024-01-20,Damaged,Low,Downy Mildew,3
CF0512,CF0512.jpg,FARM_007,2024-03-17,Healthy,None,None,0
CF0513,CF0513.jpg,FARM_021,2024-03-07,Healthy,None,None,0
CF0514,CF0514.jpg,FARM_028,2024-03-17,Damaged,High,Physical Damage,57
CF0515,CF0515.jpg,FARM_021,2024-02-25,Healthy,None,None,0
CF0516,CF0516.jpg,FARM_017,2024-01-19,Damaged,Low,Physical Damage,8
CF0517,CF0517.jpg,FARM_024,2024-03-22,Damaged,Medium,Downy Mildew,24
CF0518,CF0518.jpg,FARM_010,2024-01-24,Damaged,High,Bacterial Spot Rot,56
CF0519,CF0519.jpg,FARM_031,2024-01-17,Healthy,None,None,0
CF0520,CF0520.jpg,FARM_005,2024-03-20,Healthy,None,None,1
CF0521,CF0521.jpg,FARM_006,2024-03-14,Healthy,None,None,0
CF0522,CF0522.jpg,FARM_006,2024-02-04,Damaged,Low,Bacterial Spot Rot,3
CF0523,CF0523.jpg,FARM_006,2024-03-23,Healthy,None,None,0
CF0524,CF0524.jpg,FARM_028,2024-03-18,Healthy,None,None,0
CF0525,CF0525.jpg,FARM_007,2024-01-29,Damaged,Low,Physical Damage,8
CF0526,CF0526.jpg,FARM_024,2024-01-31,Healthy,None,None,1
CF0527,CF0527.jpg,FARM_009,2024-02-20,Healthy,None,None,0
CF0528,CF0528.jpg,FARM_036,2024-03-16,Damaged,Medium,Downy Mildew,23
CF0529,CF0529.jpg,FARM_004,2024-03-06,Healthy,None,None,0
CF0530,CF0530.jpg,FARM_038,2024-01-24,Healthy,None,None,0
CF0531,CF0531.jpg,FARM_036,2024-02-05,Healthy,None,None,1
CF0532,CF0532.jpg,FARM_036,2024-03-24,Damaged,Low,Bacterial Spot Rot,6
CF0533,CF0533.jpg,FARM_022,2024-03-12,Healthy,None,None,0
CF0534,CF0534.jpg,FARM_008,2024-01-21,Damaged,Medium,Physical Damage,14
CF0535,CF0535.jpg,FARM_027,2024-03-15,Healthy,None,None,0
CF0536,CF0536.jpg,FARM_023,2024-03-07,Damaged,Low,Black Rot,6
CF0537,CF0537.jpg,FARM_028,2024-01-17,Healthy,None,None,0
CF0538,CF0538.jpg,FARM_004,2024-03-08,Healthy,None,None,0
CF0539,CF0539.jpg,FARM_019,2024-01-26,Healthy,None,None,0
CF0540,CF0540.jpg,FARM_039,2024-03-15,Healthy,None,None,0
CF0541,CF0541.jpg,FARM_020,2024-03-03,Healthy,None,None,0
CF0542,CF0542.jpg,FARM_023,2024-03-08,Healthy,None,None,0
CF0543,CF0543.jpg,FARM_007,2024-03-22,Damaged,Medium,Physical Damage,17
CF0544,CF0544.jpg,FARM_037,2024-01-17,Damaged,Medium,Black Rot,14
CF0545,CF0545.jpg,FARM_033,2024-03-21,Damaged,Medium,Physical Damage,14
CF0546,CF0546.jpg,FARM_014,2024-03-09,Damaged,High,Downy Mildew,50
CF0547,CF0547.jpg,FARM_010,2024-02-18,Damaged,Medium,Downy Mildew,14
CF0548,CF0548.jpg,FARM_031,2024-01-12,Damaged,High,Downy Mildew,51
CF0549,CF0549.jpg,FARM_015,2024-02-29,Damaged,Medium,Downy Mildew,15
CF0550,CF0550.jpg,FARM_007,2024-02-11,Healthy,None,None,0
CF0551,CF0551.jpg,FARM_023,2024-01-10,Healthy,None,None,0
CF0552,CF0552.jpg,FARM_036,2024-02-06,Healthy,None,None,0
CF0553,CF0553.jpg,FARM_024,2024-03-24,Healthy,None,None,0
CF0554,CF0554.jpg,FARM_008,2024-01-19,Damaged,Low,Black Rot,3
CF0555,CF0555.jpg,FARM_018,2024-01-15,Damaged,Medium,Physical Damage,18
CF0556,CF0556.jpg,FARM_037,2024-03-04,Healthy,None,None,1
CF0557,CF0557.jpg,FARM_015,2024-02-23,Healthy,None,None,2
CF0558,CF0558.jpg,FARM_028,2024-01-18,Damaged,High,Downy Mildew,49
CF0559,CF0559.jpg,FARM_036,2024-03-19,Healthy,None,None,0
CF0560,CF0560.jpg,FARM_040,2024-01-17,Healthy,None,None,0
CF0561,CF0561.jpg,FARM_040,2024-01-18,Healthy,None,None,0
CF0562,CF0562.jpg,FARM_036,2024-03-10,Healthy,None,None,0
CF0563,CF0563.jpg,FARM_002,2024-01-14,Damaged,Medium,Bacterial Spot Rot,17
CF0564,CF0564.jpg,FARM_039,2024-02-15,Healthy,None,None,0
CF0565,CF0565.jpg,FARM_018,2024-03-02,Healthy,None,None,0
CF0566,CF0566.jpg,FARM_002,2024-02-02,Healthy,None,None,1
CF0567,CF0567.jpg,FARM_012,2024-01-27,Healthy,None,None,0
CF0568,CF0568.jpg,FARM_018,2024-03-03,Healthy,None,None,0
CF0569,CF0569.jpg,FARM_020,2024-02-26,Damaged,Low,Bacterial Spot Rot,8
CF0570,CF0570.jpg,FARM_022,2024-02-27,Healthy,None,None,0
CF0571,CF0571.jpg,FARM_023,2024-03-07,Damaged,Low,Bacterial Spot Rot,4
CF0572,CF0572.jpg,FARM_001,2024-02-27,Damaged,Low,Physical Damage,3
CF0573,CF0573.jpg,FARM_012,2024-02-27,Damaged,Low,Bacterial Spot Rot,8
CF0574,CF0574.jpg,FARM_010,2024-01-20,Damaged,Medium,Bacterial Spot Rot,10
CF0575,CF0575.jpg,FARM_037,2024-03-19,Damaged,High,Black Rot,57
CF0576,CF0576.jpg,FARM_026,2024-01-27,Healthy,None,None,0
CF0577,CF0577.jpg,FARM_005,2024-02-23,Damaged,High,Physical Damage,39
CF0578,CF0578.jpg,FARM_010,2024-01-25,Healthy,None,None,0
CF0579,CF0579.jpg,FARM_002,2024-02-01,Damaged,Medium,Physical Damage,20
CF0580,CF0580.jpg,FARM_006,2024-03-18,Healthy,None,None,0
CF0581,CF0581.jpg,FARM_034,2024-02-29,Damaged,Low,Bacterial Spot Rot,6
CF0582,CF0582.jpg,FARM_014,2024-03-17,Healthy,None,None,0
CF0583,CF0583.jpg,FARM_025,2024-01-26,Damaged,Low,Physical Damage,7
CF0584,CF0584.jpg,FARM_027,2024-02-07,Healthy,None,None,0
CF0585,CF0585.jpg,FARM_030,2024-01-10,Damaged,High,Black Rot,36
CF0586,CF0586.jpg,FARM_022,2024-01-12,Damaged,High,Black Rot,34
CF0587,CF0587.jpg,FARM_011,2024-02-17,Damaged,Low,Downy Mildew,9
CF0588,CF0588.jpg,FARM_024,2024-03-09,Damaged,Low,Black Rot,7
CF0589,CF0589.jpg,FARM_020,2024-03-19,Healthy,None,None,0
CF0590,CF0590.jpg,FARM_021,2024-03-04,Healthy,None,None,0
CF0591,CF0591.jpg,FARM_037,2024-03-18,Damaged,Medium,Downy Mildew,17
CF0592,CF0592.jpg,FARM_039,2024-02-27,Damaged,Low,Bacterial Spot Rot,9
CF0593,CF0593.jpg,FARM_006,2024-02-08,Healthy,None,None,0
CF0594,CF0594.jpg,FARM_004,2024-02-10,Healthy,None,None,0
CF0595,CF0595.jpg,FARM_010,2024-03-08,Healthy,None,None,1
CF0596,CF0596.jpg,FARM_011,2024-02-23,Healthy,None,None,0
CF0597,CF0597.jpg,FARM_040,2024-01-29,Damaged,Low,Downy Mildew,8
CF0598,CF0598.jpg,FARM_004,2024-02-14,Damaged,High,Downy Mildew,50
CF0599,CF0599.jpg,FARM_006,2024-02-03,Healthy,None,None,0
CF0600,CF0600.jpg,FARM_018,2024-01-24,Healthy,None,None,0
CF0601,CF0601.jpg,FARM_029,2024-01-14,Healthy,None,None,0
CF0602,CF0602.jpg,FARM_028,2024-03-03,Healthy,None,None,0
CF0603,CF0603.jpg,FARM_032,2024-01-12,Healthy,None,None,0
CF0604,CF0604.jpg,FARM_039,2024-02-09,Healthy,None,None,0
CF0605,CF0605.jpg,FARM_029,2024-02-05,Damaged,Medium,Bacterial Spot Rot,24
CF0606,CF0606.jpg,FARM_027,2024-01-18,Healthy,None,None,0
CF0607,CF0607.jpg,FARM_018,2024-01-22,Healthy,None,None,0
CF0608,CF0608.jpg,FARM_014,2024-01-14,Healthy,None,None,0
CF0609,CF0609.jpg,FARM_033,2024-03-07,Healthy,None,None,1
CF0610,CF0610.jpg,FARM_008,2024-01-16,Damaged,High,Downy Mildew,39
CF0611,CF0611.jpg,FARM_023,2024-02-10,Healthy,None,None,0
CF0612,CF0612.jpg,FARM_028,2024-01-15,Healthy,None,None,0
CF0613,CF0613.jpg,FARM_008,2024-03-01,Healthy,None,None,0
CF0614,CF0614.jpg,FARM_019,2024-03-06,Healthy,None,None,0
CF0615,CF0615.jpg,FARM_038,2024-02-08,Healthy,None,None,0
CF0616,CF0616.jpg,FARM_032,2024-03-19,Healthy,None,None,0
CF0617,CF0617.jpg,FARM_034,2024-02-06,Healthy,None,None,1
CF0618,CF0618.jpg,FARM_020,2024-01-17,Damaged,High,Black Rot,43
CF0619,CF0619.jpg,FARM_003,2024-01-27,Damaged,High,Bacterial Spot Rot,42
CF0620,CF0620.jpg,FARM_015,2024-03-14,Damaged,Medium,Physical Damage,10
CF0621,CF0621.jpg,FARM_026,2024-02-16,Healthy,None,None,0
CF0622,CF0622.jpg,FARM_039,2024-02-08,Damaged,Medium,Downy Mildew,18
CF0623,CF0623.jpg,FARM_004,2024-03-23,Healthy,None,None,0
CF0624,CF0624.jpg,FARM_001,2024-02-19,Damaged,Medium,Black Rot,19
CF0625,CF0625.jpg,FARM_014,2024-03-23,Healthy,None,None,0
CF0626,CF0626.jpg,FARM_020,2024-02-20,Healthy,None,None,1
CF0627,CF0627.jpg,FARM_014,2024-02-09,Healthy,None,None,1
CF0628,CF0628.jpg,FARM_009,2024-02-17,Damaged,Low,Physical Damage,9
CF0629,CF0629.jpg,FARM_017,2024-01-28,Healthy,None,None,1
CF0630,CF0630.jpg,FARM_019,2024-03-16,Damaged,Low,Bacterial Spot Rot,4
CF0631,CF0631.jpg,FARM_021,2024-02-07,Damaged,High,Bacterial Spot Rot,43
CF0632,CF0632.jpg,FARM_008,2024-03-02,Damaged,Low,Bacterial Spot Rot,9
CF0633,CF0633.jpg,FARM_001,2024-02-17,Healthy,None,None,0
CF0634,CF0634.jpg,FARM_032,2024-02-14,Healthy,None,None,1
CF0635,CF0635.jpg,FARM_028,2024-01-17,Healthy,None,None,0
CF0636,CF0636.jpg,FARM_012,2024-03-21,Healthy,None,None,1
CF0637,CF0637.jpg,FARM_009,2024-03-25,Damaged,Low,Black Rot,3
CF0638,CF0638.jpg,FARM_025,2024-02-01,Healthy,None,None,1
CF0639,CF0639.jpg,FARM_035,2024-03-04,Healthy,None,None,0
CF0640,CF0640.jpg,FARM_015,2024-03-21,Damaged,Low,Physical Damage,8
CF0641,CF0641.jpg,FARM_033,2024-03-13,Damaged,High,Bacterial Spot Rot,28
CF0642,CF0642.jpg,FARM_036,2024-01-16,Healthy,None,None,0
CF0643,CF0643.jpg,FARM_023,2024-02-23,Healthy,None,None,0
CF0644,CF0644.jpg,FARM_005,2024-02-27,Healthy,None,None,0
CF0645,CF0645.jpg,FARM_026,2024-03-17,Healthy,None,None,0
CF0646,CF0646.jpg,FARM_003,2024-02-19,Damaged,Medium,Black Rot,23
CF0647,CF0647.jpg,FARM_028,2024-03-03,Healthy,None,None,0
CF0648,CF0648.jpg,FARM_002,2024-03-02,Healthy,None,None,1
CF0649,CF0649.jpg,FARM_030,2024-01-29,Damaged,Medium,Black Rot,20
CF0650,CF0650.jpg,FARM_005,2024-02-17,Healthy,None,None,0
CF0651,CF0651.jpg,FARM_021,2024-02-27,Healthy,None,None,0
CF0652,CF0652.jpg,FARM_037,2024-02-02,Damaged,Low,Physical Damage,3
CF0653,CF0653.jpg,FARM_028,2024-03-18,Healthy,None,None,0
CF0654,CF0654.jpg,FARM_037,2024-03-10,Healthy,None,None,0
CF0655,CF0655.jpg,FARM_026,2024-02-09,Healthy,None,None,0
CF0656,CF0656.jpg,FARM_027,2024-02-07,Damaged,Medium,Bacterial Spot Rot,22
CF0657,CF0657.jpg,FARM_019,2024-02-17,Healthy,None,None,0
CF0658,CF0658.jpg,FARM_008,2024-01-28,Healthy,None,None,0
CF0659,CF0659.jpg,FARM_026,2024-03-09,Damaged,Medium,Bacterial Spot Rot,14
CF0660,CF0660.jpg,FARM_002,2024-01-17,Damaged,Low,Downy Mildew,8
CF0661,CF0661.jpg,FARM_021,2024-03-21,Healthy,None,None,1
CF0662,CF0662.jpg,FARM_011,2024-03-02,Damaged,Low,Bacterial Spot Rot,9
CF0663,CF0663.jpg,FARM_040,2024-03-03,Damaged,Low,Physical Damage,3
CF0664,CF0664.jpg,FARM_030,2024-03-21,Damaged,Low,Black Rot,3
CF0665,CF0665.jpg,FARM_024,2024-03-17,Healthy,None,None,0
CF0666,CF0666.jpg,FARM_006,2024-01-27,Damaged,Low,Physical Damage,6
CF0667,CF0667.jpg,FARM_028,2024-02-28,Healthy,None,None,0
CF0668,CF0668.jpg,FARM_007,2024-02-10,Healthy,None,None,0
CF0669,CF0669.jpg,FARM_016,2024-02-11,Damaged,High,Bacterial Spot Rot,25
CF0670,CF0670.jpg,FARM_028,2024-02-05,Damaged,High,Black Rot,30
CF0671,CF0671.jpg,FARM_038,2024-02-21,Damaged,Medium,Physical Damage,19
CF0672,CF0672.jpg,FARM_026,2024-01-20,Healthy,None,None,0
CF0673,CF0673.jpg,FARM_034,2024-03-07,Healthy,None,None,0
CF0674,CF0674.jpg,FARM_006,2024-02-26,Healthy,None,None,0
CF0675,CF0675.jpg,FARM_026,2024-01-21,Healthy,None,None,0
CF0676,CF0676.jpg,FARM_020,2024-03-18,Healthy,None,None,0
CF0677,CF0677.jpg,FARM_022,2024-02-03,Healthy,None,None,1
CF0678,CF0678.jpg,FARM_015,2024-01-16,Damaged,High,Bacterial Spot Rot,39
CF0679,CF0679.jpg,FARM_022,2024-02-13,Healthy,None,None,0
CF0680,CF0680.jpg,FARM_011,2024-02-27,Damaged,Medium,Bacterial Spot Rot,15
CF0681,CF0681.jpg,FARM_005,2024-01-15,Healthy,None,None,0
CF0682,CF0682.jpg,FARM_033,2024-01-19,Damaged,High,Bacterial Spot Rot,36
CF0683,CF0683.jpg,FARM_008,2024-02-03,Healthy,None,None,0
CF0684,CF0684.jpg,FARM_034,2024-03-25,Healthy,None,None,0
CF0685,CF0685.jpg,FARM_033,2024-03-21,Damaged,Low,Downy Mildew,4
CF0686,CF0686.jpg,FARM_013,2024-02-06,Damaged,Low,Downy Mildew,9
CF0687,CF0687.jpg,FARM_023,2024-03-11,Damaged,High,Downy Mildew,59
CF0688,CF0688.jpg,FARM_023,2024-02-05,Healthy,None,None,0
CF0689,CF0689.jpg,FARM_010,2024-02-21,Damaged,Low,Black Rot,5
CF0690,CF0690.jpg,FARM_016,2024-02-17,Damaged,High,Physical Damage,35
CF0691,CF0691.jpg,FARM_007,2024-01-11,Healthy,None,None,0
CF0692,CF0692.jpg,FARM_010,2024-02-06,Healthy,None,None,0
CF0693,CF0693.jpg,FARM_017,2024-02-03,Healthy,None,None,0
CF0694,CF0694.jpg,FARM_013,2024-01-25,Healthy,None,None,0
CF0695,CF0695.jpg,FARM_012,2024-03-11,Healthy,None,None,1
CF0696,CF0696.jpg,FARM_039,2024-02-10,Damaged,Low,Black Rot,6
CF0697,CF0697.jpg,FARM_010,2024-02-05,Damaged,High,Black Rot,43
CF0698,CF0698.jpg,FARM_005,2024-02-29,Healthy,None,None,1
CF0699,CF0699.jpg,FARM_012,2024-02-09,Damaged,High,Bacterial Spot Rot,52
CF0700,CF0700.jpg,FARM_032,2024-03-20,Healthy,None,None,0
CF0701,CF0701.jpg,FARM_030,2024-02-20,Healthy,None,None,0
CF0702,CF0702.jpg,FARM_037,2024-02-15,Damaged,Medium,Bacterial Spot Rot,22
CF0703,CF0703.jpg,FARM_038,2024-02-27,Healthy,None,None,0
CF0704,CF0704.jpg,FARM_029,2024-03-09,Healthy,None,None,0
CF0705,CF0705.jpg,FARM_037,2024-03-18,Damaged,Medium,Black Rot,22
CF0706,CF0706.jpg,FARM_040,2024-02-24,Damaged,Low,Physical Damage,5
CF0707,CF0707.jpg,FARM_021,2024-02-18,Damaged,Low,Downy Mildew,9
CF0708,CF0708.jpg,FARM_021,2024-02-12,Damaged,Medium,Black Rot,17
CF0709,CF0709.jpg,FARM_010,2024-02-25,Healthy,None,None,1
CF0710,CF0710.jpg,FARM_029,2024-03-15,Healthy,None,None,0
CF0711,CF0711.jpg,FARM_005,2024-03-13,Damaged,High,Black Rot,35
CF0712,CF0712.jpg,FARM_031,2024-03-09,Damaged,Medium,Physical Damage,24
CF0713,CF0713.jpg,FARM_029,2024-01-22,Damaged,High,Physical Damage,38
CF0714,CF0714.jpg,FARM_020,2024-03-10,Damaged,Low,Black Rot,5
CF0715,CF0715.jpg,FARM_018,2024-02-19,Damaged,Low,Bacterial Spot Rot,5
CF0716,CF0716.jpg,FARM_038,2024-02-05,Damaged,Low,Bacterial Spot Rot,9
CF0717,CF0717.jpg,FARM_004,2024-02-26,Damaged,Medium,Black Rot,23
CF0718,CF0718.jpg,FARM_023,2024-02-19,Damaged,Low,Bacterial Spot Rot,6
CF0719,CF0719.jpg,FARM_033,2024-03-02,Healthy,None,None,0
CF0720,CF0720.jpg,FARM_005,2024-01-15,Damaged,Low,Physical Damage,6
CF0721,CF0721.jpg,FARM_020,2024-03-22,Healthy,None,None,0
CF0722,CF0722.jpg,FARM_030,2024-02-07,Healthy,None,None,0
CF0723,CF0723.jpg,FARM_029,2024-01-28,Healthy,None,None,0
CF0724,CF0724.jpg,FARM_003,2024-01-12,Damaged,Low,Downy Mildew,4
CF0725,CF0725.jpg,FARM_004,2024-02-12,Healthy,None,None,0
CF0726,CF0726.jpg,FARM_024,2024-03-20,Damaged,Medium,Physical Damage,13
CF0727,CF0727.jpg,FARM_019,2024-03-24,Healthy,None,None,0
CF0728,CF0728.jpg,FARM_005,2024-03-24,Damaged,Low,Downy Mildew,9
CF0729,CF0729.jpg,FARM_006,2024-03-03,Healthy,None,None,0
CF0730,CF0730.jpg,FARM_040,2024-02-16,Damaged,Low,Black Rot,4
CF0731,CF0731.jpg,FARM_039,2024-01-29,Damaged,Low,Black Rot,5
CF0732,CF0732.jpg,FARM_033,2024-02-04,Healthy,None,None,1
CF0733,CF0733.jpg,FARM_025,2024-02-21,Damaged,Low,Downy Mildew,7
CF0734,CF0734.jpg,FARM_030,2024-02-08,Healthy,None,None,0
CF0735,CF0735.jpg,FARM_038,2024-02-27,Damaged,Medium,Bacterial Spot Rot,15
CF0736,CF0736.jpg,FARM_036,2024-03-22,Healthy,None,None,1
CF0737,CF0737.jpg,FARM_003,2024-02-10,Healthy,None,None,0
CF0738,CF0738.jpg,FARM_029,2024-03-13,Healthy,None,None,0
CF0739,CF0739.jpg,FARM_037,2024-03-20,Healthy,None,None,0
CF0740,CF0740.jpg,FARM_013,2024-02-22,Healthy,None,None,0
CF0741,CF0741.jpg,FARM_021,2024-02-11,Damaged,Low,Black Rot,5
CF0742,CF0742.jpg,FARM_039,2024-03-12,Healthy,None,None,0
CF0743,CF0743.jpg,FARM_031,2024-03-12,Damaged,Medium,Downy Mildew,23
CF0744,CF0744.jpg,FARM_033,2024-03-08,Healthy,None,None,0
CF0745,CF0745.jpg,FARM_010,2024-01-31,Healthy,None,None,0
CF0746,CF0746.jpg,FARM_004,2024-02-24,Healthy,None,None,1
CF0747,CF0747.jpg,FARM_029,2024-01-31,Healthy,None,None,0
CF0748,CF0748.jpg,FARM_007,2024-01-27,Damaged,Low,Bacterial Spot Rot,9
CF0749,CF0749.jpg,FARM_022,2024-03-19,Healthy,None,None,0
CF0750,CF0750.jpg,FARM_006,2024-03-12,Healthy,None,None,0
CF0751,CF0751.jpg,FARM_033,2024-02-02,Healthy,None,None,0
CF0752,CF0752.jpg,FARM_012,2024-03-19,Healthy,None,None,0
CF0753,CF0753.jpg,FARM_003,2024-01-17,Damaged,Low,Downy Mildew,6
CF0754,CF0754.jpg,FARM_016,2024-03-17,Damaged,Medium,Black Rot,22
CF0755,CF0755.jpg,FARM_029,2024-01-14,Healthy,None,None,0
CF0756,CF0756.jpg,FARM_029,2024-01-19,Healthy,None,None,0
CF0757,CF0757.jpg,FARM_034,2024-01-16,Healthy,None,None,0
CF0758,CF0758.jpg,FARM_034,2024-01-10,Healthy,None,None,0
CF0759,CF0759.jpg,FARM_040,2024-03-02,Healthy,None,None,1
CF0760,CF0760.jpg,FARM_011,2024-01-27,Damaged,Low,Black Rot,7
CF0761,CF0761.jpg,FARM_024,2024-02-08,Healthy,None,None,2
CF0762,CF0762.jpg,FARM_024,2024-01-18,Healthy,None,None,0
CF0763,CF0763.jpg,FARM_019,2024-01-29,Healthy,None,None,0
CF0764,CF0764.jpg,FARM_025,2024-01-11,Healthy,None,None,0
CF0765,CF0765.jpg,FARM_027,2024-02-06,Healthy,None,None,0
CF0766,CF0766.jpg,FARM_022,2024-03-14,Healthy,None,None,0
CF0767,CF0767.jpg,FARM_039,2024-03-08,Damaged,Low,Physical Damage,7
CF0768,CF0768.jpg,FARM_004,2024-02-26,Damaged,Low,Downy Mildew,9
CF0769,CF0769.jpg,FARM_022,2024-01-17,Healthy,None,None,0
CF0770,CF0770.jpg,FARM_005,2024-03-11,Healthy,None,None,0
CF0771,CF0771.jpg,FARM_022,2024-03-12,Healthy,None,None,0
CF0772,CF0772.jpg,FARM_007,2024-01-12,Healthy,None,None,0
CF0773,CF0773.jpg,FARM_036,2024-01-10,Healthy,None,None,1
CF0774,CF0774.jpg,FARM_025,2024-03-18,Healthy,None,None,0
CF0775,CF0775.jpg,FARM_019,2024-03-20,Damaged,High,Bacterial Spot Rot,26
CF0776,CF0776.jpg,FARM_017,2024-03-02,Damaged,Low,Black Rot,5
CF0777,CF0777.jpg,FARM_039,2024-01-11,Healthy,None,None,0
CF0778,CF0778.jpg,FARM_010,2024-01-12,Healthy,None,None,0
CF0779,CF0779.jpg,FARM_022,2024-03-17,Damaged,Low,Physical Damage,4
CF0780,CF0780.jpg,FARM_006,2024-02-14,Healthy,None,None,0
CF0781,CF0781.jpg,FARM_038,2024-03-18,Healthy,None,None,1
CF0782,CF0782.jpg,FARM_010,2024-02-15,Healthy,None,None,0
CF0783,CF0783.jpg,FARM_023,2024-01-12,Healthy,None,None,0
CF0784,CF0784.jpg,FARM_020,2024-03-14,Damaged,High,Physical Damage,44
CF0785,CF0785.jpg,FARM_026,2024-03-05,Healthy,None,None,1
CF0786,CF0786.jpg,FARM_009,2024-02-01,Healthy,None,None,0
CF0787,CF0787.jpg,FARM_039,2024-01-23,Healthy,None,None,0
CF0788,CF0788.jpg,FARM_006,2024-01-22,Healthy,None,None,0
CF0789,CF0789.jpg,FARM_020,2024-03-17,Healthy,None,None,0
CF0790,CF0790.jpg,FARM_036,2024-01-29,Healthy,None,None,0
CF0791,CF0791.jpg,FARM_025,2024-02-09,Healthy,None,None,0
CF0792,CF0792.jpg,FARM_022,2024-02-03,Healthy,None,None,0
CF0793,CF0793.jpg,FARM_009,2024-03-17,Healthy,None,None,1
CF0794,CF0794.jpg,FARM_034,2024-02-11,Damaged,High,Bacterial Spot Rot,46
CF0795,CF0795.jpg,FARM_006,2024-02-24,Damaged,High,Black Rot,38
CF0796,CF0796.jpg,FARM_028,2024-02-13,Healthy,None,None,0
CF0797,CF0797.jpg,FARM_033,2024-02-29,Healthy,None,None,0
CF0798,CF0798.jpg,FARM_024,2024-01-20,Healthy,None,None,0
CF0799,CF0799.jpg,FARM_002,2024-02-26,Healthy,None,None,0
CF0800,CF0800.jpg,FARM_024,2024-03-01,Damaged,Medium,Physical Damage,18
CF0801,CF0801.jpg,FARM_020,2024-03-08,Damaged,Medium,Bacterial Spot Rot,18
CF0802,CF0802.jpg,FARM_012,2024-03-22,Healthy,None,None,0
CF0803,CF0803.jpg,FARM_014,2024-02-10,Healthy,None,None,0
CF0804,CF0804.jpg,FARM_022,2024-02-07,Healthy,None,None,1
CF0805,CF0805.jpg,FARM_032,2024-02-17,Damaged,High,Bacterial Spot Rot,42
CF0806,CF0806.jpg,FARM_013,2024-01-20,Healthy,None,None,1
CF0807,CF0807.jpg,FARM_015,2024-01-14,Damaged,Low,Downy Mildew,4
CF0808,CF0808.jpg,FARM_009,2024-01-21,Damaged,Medium,Downy Mildew,11
CF0809,CF0809.jpg,FARM_010,2024-03-01,Healthy,None,None,0
CF0810,CF0810.jpg,FARM_005,2024-02-27,Healthy,None,None,1
CF0811,CF0811.jpg,FARM_019,2024-02-27,Healthy,None,None,1
CF0812,CF0812.jpg,FARM_007,2024-03-20,Healthy,None,None,1
CF0813,CF0813.jpg,FARM_033,2024-03-10,Healthy,None,None,0
CF0814,CF0814.jpg,FARM_035,2024-01-17,Healthy,None,None,1
CF0815,CF0815.jpg,FARM_034,2024-01-11,Healthy,None,None,0
CF0816,CF0816.jpg,FARM_003,2024-01-31,Healthy,None,None,0
CF0817,CF0817.jpg,FARM_022,2024-01-20,Healthy,None,None,2
CF0818,CF0818.jpg,FARM_040,2024-03-13,Damaged,Medium,Black Rot,21
CF0819,CF0819.jpg,FARM_009,2024-03-05,Damaged,Medium,Physical Damage,18
CF0820,CF0820.jpg,FARM_039,2024-02-21,Healthy,None,None,0
CF0821,CF0821.jpg,FARM_025,2024-03-22,Damaged,Medium,Physical Damage,22
CF0822,CF0822.jpg,FARM_010,2024-01-22,Healthy,None,None,0
CF0823,CF0823.jpg,FARM_011,2024-03-17,Healthy,None,None,0
CF0824,CF0824.jpg,FARM_012,2024-01-15,Healthy,None,None,0
CF0825,CF0825.jpg,FARM_040,2024-02-08,Damaged,Low,Downy Mildew,7
CF0826,CF0826.jpg,FARM_011,2024-02-06,Damaged,Medium,Black Rot,19
CF0827,CF0827.jpg,FARM_029,2024-03-22,Healthy,None,None,0
CF0828,CF0828.jpg,FARM_003,2024-03-10,Healthy,None,None,0
CF0829,CF0829.jpg,FARM_027,2024-02-13,Damaged,Medium,Physical Damage,16
CF0830,CF0830.jpg,FARM_024,2024-01-15,Damaged,Medium,Bacterial Spot Rot,13
CF0831,CF0831.jpg,FARM_016,2024-01-19,Healthy,None,None,0
CF0832,CF0832.jpg,FARM_029,2024-02-14,Damaged,Low,Bacterial Spot Rot,7
CF0833,CF0833.jpg,FARM_040,2024-03-19,Healthy,None,None,1
CF0834,CF0834.jpg,FARM_019,2024-03-22,Damaged,Low,Bacterial Spot Rot,9
CF0835,CF0835.jpg,FARM_029,2024-01-14,Healthy,None,None,0
CF0836,CF0836.jpg,FARM_015,2024-02-01,Damaged,Medium,Bacterial Spot Rot,14
CF0837,CF0837.jpg,FARM_035,2024-02-19,Damaged,Low,Downy Mildew,8
CF0838,CF0838.jpg,FARM_016,2024-01-12,Damaged,Medium,Black Rot,11
CF0839,CF0839.jpg,FARM_020,2024-02-05,Healthy,None,None,0
CF0840,CF0840.jpg,FARM_031,2024-03-25,Healthy,None,None,0
CF0841,CF0841.jpg,FARM_013,2024-01-28,Damaged,High,Bacterial Spot Rot,42
CF0842,CF0842.jpg,FARM_024,2024-02-29,Healthy,None,None,0
CF0843,CF0843.jpg,FARM_037,2024-01-19,Healthy,None,None,2
CF0844,CF0844.jpg,FARM_029,2024-02-17,Damaged,Low,Bacterial Spot Rot,5
CF0845,CF0845.jpg,FARM_030,2024-01-30,Damaged,Medium,Physical Damage,24
CF0846,CF0846.jpg,FARM_019,2024-03-22,Healthy,None,None,0
CF0847,CF0847.jpg,FARM_025,2024-02-09,Healthy,None,None,0
CF0848,CF0848.jpg,FARM_033,2024-03-22,Damaged,Low,Downy Mildew,3
CF0849,CF0849.jpg,FARM_034,2024-02-28,Healthy,None,None,0
CF0850,CF0850.jpg,FARM_027,2024-03-19,Damaged,High,Physical Damage,39
CF0851,CF0851.jpg,FARM_011,2024-02-21,Damaged,Medium,Physical Damage,22
CF0852,CF0852.jpg,FARM_013,2024-02-28,Healthy,None,None,0
CF0853,CF0853.jpg,FARM_039,2024-01-27,Damaged,High,Physical Damage,38
CF0854,CF0854.jpg,FARM_009,2024-01-20,Healthy,None,None,0
CF0855,CF0855.jpg,FARM_017,2024-03-14,Damaged,Low,Bacterial Spot Rot,9
CF0856,CF0856.jpg,FARM_004,2024-02-23,Damaged,Medium,Black Rot,24
CF0857,CF0857.jpg,FARM_031,2024-01-16,Healthy,None,None,0
CF0858,CF0858.jpg,FARM_024,2024-01-22,Damaged,Low,Downy Mildew,8
CF0859,CF0859.jpg,FARM_036,2024-03-05,Healthy,None,None,0
CF0860,CF0860.jpg,FARM_007,2024-02-08,Damaged,Medium,Bacterial Spot Rot,11
CF0861,CF0861.jpg,FARM_034,2024-01-19,Healthy,None,None,2
CF0862,CF0862.jpg,FARM_008,2024-02-22,Healthy,None,None,1
CF0863,CF0863.jpg,FARM_019,2024-02-29,Damaged,Medium,Downy Mildew,22
CF0864,CF0864.jpg,FARM_006,2024-02-20,Healthy,None,None,0
CF0865,CF0865.jpg,FARM_011,2024-01-13,Healthy,None,None,0
CF0866,CF0866.jpg,FARM_018,2024-02-13,Healthy,None,None,1
CF0867,CF0867.jpg,FARM_029,2024-03-07,Damaged,High,Bacterial Spot Rot,33
CF0868,CF0868.jpg,FARM_033,2024-03-12,Healthy,None,None,0
CF0869,CF0869.jpg,FARM_010,2024-02-08,Healthy,None,None,1
CF0870,CF0870.jpg,FARM_028,2024-02-24,Damaged,Medium,Black Rot,23
CF0871,CF0871.jpg,FARM_006,2024-03-20,Damaged,Medium,Black Rot,17
CF0872,CF0872.jpg,FARM_015,2024-02-27,Healthy,None,None,0
CF0873,CF0873.jpg,FARM_029,2024-03-05,Healthy,None,None,0
CF0874,CF0874.jpg,FARM_023,2024-02-02,Damaged,Medium,Downy Mildew,11
CF0875,CF0875.jpg,FARM_002,2024-03-24,Healthy,None,None,0
CF0876,CF0876.jpg,FARM_027,2024-02-27,Healthy,None,None,1
CF0877,CF0877.jpg,FARM_004,2024-01-20,Healthy,None,None,0
CF0878,CF0878.jpg,FARM_026,2024-02-16,Healthy,None,None,0
CF0879,CF0879.jpg,FARM_033,2024-02-10,Healthy,None,None,0
CF0880,CF0880.jpg,FARM_024,2024-01-19,Healthy,None,None,0
CF0881,CF0881.jpg,FARM_016,2024-01-20,Damaged,Medium,Physical Damage,20
CF0882,CF0882.jpg,FARM_025,2024-02-13,Healthy,None,None,0
CF0883,CF0883.jpg,FARM_006,2024-01-29,Healthy,None,None,0
CF0884,CF0884.jpg,FARM_024,2024-02-27,Damaged,Low,Bacterial Spot Rot,9
CF0885,CF0885.jpg,FARM_015,2024-01-29,Damaged,Medium,Downy Mildew,15
CF0886,CF0886.jpg,FARM_002,2024-02-28,Damaged,Low,Physical Damage,4
CF0887,CF0887.jpg,FARM_021,2024-02-19,Damaged,Medium,Black Rot,14
CF0888,CF0888.jpg,FARM_007,2024-02-25,Healthy,None,None,1
CF0889,CF0889.jpg,FARM_022,2024-01-23,Healthy,None,None,0
CF0890,CF0890.jpg,FARM_010,2024-01-21,Damaged,High,Bacterial Spot Rot,31
CF0891,CF0891.jpg,FARM_009,2024-01-10,Healthy,None,None,0
CF0892,CF0892.jpg,FARM_003,2024-02-18,Healthy,None,None,0
CF0893,CF0893.jpg,FARM_019,2024-03-06,Healthy,None,None,0
CF0894,CF0894.jpg,FARM_031,2024-02-25,Damaged,Medium,Black Rot,12
CF0895,CF0895.jpg,FARM_009,2024-02-13,Healthy,None,None,0
CF0896,CF0896.jpg,FARM_031,2024-01-23,Damaged,High,Bacterial Spot Rot,47
CF0897,CF0897.jpg,FARM_029,2024-01-26,Damaged,Low,Physical Damage,7
CF0898,CF0898.jpg,FARM_040,2024-01-21,Healthy,None,None,0
CF0899,CF0899.jpg,FARM_001,2024-02-02,Damaged,Low,Bacterial Spot Rot,6
CF0900,CF0900.jpg,FARM_006,2024-03-05,Damaged,Medium,Physical Damage,20
CF0901,CF0901.jpg,FARM_002,2024-03-07,Damaged,Low,Bacterial Spot Rot,3
CF0902,CF0902.jpg,FARM_017,2024-03-21,Healthy,None,None,0
CF0903,CF0903.jpg,FARM_014,2024-03-21,Healthy,None,None,0
CF0904,CF0904.jpg,FARM_010,2024-03-15,Healthy,None,None,0
CF0905,CF0905.jpg,FARM_036,2024-03-02,Healthy,None,None,0
CF0906,CF0906.jpg,FARM_039,2024-01-23,Healthy,None,None,2
CF0907,CF0907.jpg,FARM_034,2024-01-13,Healthy,None,None,0
CF0908,CF0908.jpg,FARM_028,2024-01-21,Healthy,None,None,1
CF0909,CF0909.jpg,FARM_008,2024-02-24,Healthy,None,None,0
CF0910,CF0910.jpg,FARM_019,2024-03-20,Healthy,None,None,0
CF0911,CF0911.jpg,FARM_016,2024-01-21,Healthy,None,None,0
CF0912,CF0912.jpg,FARM_020,2024-02-20,Healthy,None,None,0
CF0913,CF0913.jpg,FARM_008,2024-02-28,Healthy,None,None,0
CF0914,CF0914.jpg,FARM_004,2024-01-11,Damaged,High,Downy Mildew,41
CF0915,CF0915.jpg,FARM_016,2024-02-16,Healthy,None,None,0
CF0916,CF0916.jpg,FARM_027,2024-03-02,Damaged,Medium,Black Rot,20
CF0917,CF0917.jpg,FARM_040,2024-02-28,Healthy,None,None,1
CF0918,CF0918.jpg,FARM_030,2024-01-20,Healthy,None,None,1
CF0919,CF0919.jpg,FARM_005,2024-03-21,Healthy,None,None,0
CF0920,CF0920.jpg,FARM_008,2024-02-10,Damaged,Low,Bacterial Spot Rot,3
CF0921,CF0921.jpg,FARM_032,2024-03-23,Damaged,High,Bacterial Spot Rot,43
CF0922,CF0922.jpg,FARM_039,2024-03-16,Healthy,None,None,0
CF0923,CF0923.jpg,FARM_035,2024-01-31,Healthy,None,None,0
CF0924,CF0924.jpg,FARM_002,2024-02-27,Damaged,Low,Black Rot,4
CF0925,CF0925.jpg,FARM_033,2024-01-31,Damaged,Low,Bacterial Spot Rot,6
CF0926,CF0926.jpg,FARM_037,2024-01-27,Healthy,None,None,0
CF0927,CF0927.jpg,FARM_016,2024-02-13,Damaged,Medium,Black Rot,13
CF0928,CF0928.jpg,FARM_010,2024-02-17,Damaged,Low,Physical Damage,5
CF0929,CF0929.jpg,FARM_019,2024-02-13,Healthy,None,None,0
CF0930,CF0930.jpg,FARM_028,2024-03-13,Healthy,None,None,1
CF0931,CF0931.jpg,FARM_001,2024-01-28,Damaged,Medium,Downy Mildew,15
CF0932,CF0932.jpg,FARM_040,2024-01-18,Healthy,None,None,0
CF0933,CF0933.jpg,FARM_023,2024-01-31,Damaged,Medium,Downy Mildew,10
CF0934,CF0934.jpg,FARM_016,2024-03-05,Healthy,None,None,0
CF0935,CF0935.jpg,FARM_037,2024-02-14,Healthy,None,None,0
CF0936,CF0936.jpg,FARM_027,2024-03-03,Healthy,None,None,1
CF0937,CF0937.jpg,FARM_012,2024-02-17,Healthy,None,None,0
CF0938,CF0938.jpg,FARM_006,2024-03-11,Healthy,None,None,0
CF0939,CF0939.jpg,FARM_034,2024-01-19,Damaged,Medium,Black Rot,12
CF0940,CF0940.jpg,FARM_024,2024-02-25,Healthy,None,None,0
CF0941,CF0941.jpg,FARM_005,2024-02-11,Healthy,None,None,0
CF0942,CF0942.jpg,FARM_034,2024-02-10,Healthy,None,None,0
CF0943,CF0943.jpg,FARM_035,2024-03-13,Damaged,Low,Downy Mildew,7
CF0944,CF0944.jpg,FARM_033,2024-02-04,Healthy,None,None,0
CF0945,CF0945.jpg,FARM_033,2024-03-08,Damaged,Low,Black Rot,9
CF0946,CF0946.jpg,FARM_036,2024-01-23,Healthy,None,None,0
CF0947,CF0947.jpg,FARM_002,2024-01-27,Healthy,None,None,0
CF0948,CF0948.jpg,FARM_025,2024-02-17,Healthy,None,None,0
CF0949,CF0949.jpg,FARM_031,2024-01-10,Damaged,Low,Downy Mildew,7
CF0950,CF0950.jpg,FARM_003,2024-02-29,Healthy,None,None,0
CF0951,CF0951.jpg,FARM_025,2024-02-21,Healthy,None,None,0
CF0952,CF0952.jpg,FARM_024,2024-02-27,Healthy,None,None,2
CF0953,CF0953.jpg,FARM_017,2024-02-21,Damaged,Low,Bacterial Spot Rot,3
CF0954,CF0954.jpg,FARM_002,2024-03-06,Damaged,High,Bacterial Spot Rot,51
CF0955,CF0955.jpg,FARM_023,2024-02-21,Healthy,None,None,0
CF0956,CF0956.jpg,FARM_005,2024-03-05,Damaged,Medium,Downy Mildew,16
CF0957,CF0957.jpg,FARM_023,2024-01-27,Healthy,None,None,0
CF0958,CF0958.jpg,FARM_016,2024-02-17,Damaged,Low,Physical Damage,9
CF0959,CF0959.jpg,FARM_007,2024-02-20,Damaged,High,Downy Mildew,39
CF0960,CF0960.jpg,FARM_038,2024-02-04,Healthy,None,None,0
CF0961,CF0961.jpg,FARM_022,2024-03-11,Healthy,None,None,1
CF0962,CF0962.jpg,FARM_009,2024-02-19,Damaged,Low,Bacterial Spot Rot,6
CF0963,CF0963.jpg,FARM_003,2024-02-01,Healthy,None,None,2
CF0964,CF0964.jpg,FARM_023,2024-02-29,Healthy,None,None,0
CF0965,CF0965.jpg,FARM_035,2024-02-19,Damaged,Low,Downy Mildew,4
CF0966,CF0966.jpg,FARM_022,2024-02-16,Healthy,None,None,0
CF0967,CF0967.jpg,FARM_012,2024-03-12,Healthy,None,None,0
CF0968,CF0968.jpg,FARM_030,2024-03-23,Healthy,None,None,1
CF0969,CF0969.jpg,FARM_031,2024-02-10,Damaged,Low,Bacterial Spot Rot,9
CF0970,CF0970.jpg,FARM_012,2024-02-20,Healthy,None,None,0
CF0971,CF0971.jpg,FARM_009,2024-02-27,Healthy,None,None,1
CF0972,CF0972.jpg,FARM_005,2024-02-14,Damaged,Low,Physical Damage,8
CF0973,CF0973.jpg,FARM_030,2024-02-29,Damaged,Medium,Physical Damage,19
CF0974,CF0974.jpg,FARM_003,2024-02-25,Damaged,Low,Downy Mildew,7
CF0975,CF0975.jpg,FARM_019,2024-01-24,Damaged,High,Bacterial Spot Rot,31
CF0976,CF0976.jpg,FARM_013,2024-03-22,Damaged,High,Physical Damage,37
CF0977,CF0977.jpg,FARM_003,2024-02-04,Healthy,None,None,0
CF0978,CF0978.jpg,FARM_013,2024-03-25,Damaged,Medium,Black Rot,17
CF0979,CF0979.jpg,FARM_003,2024-03-19,Damaged,Medium,Downy Mildew,22
CF0980,CF0980.jpg,FARM_021,2024-02-02,Healthy,None,None,0
CF0981,CF0981.jpg,FARM_020,2024-03-20,Healthy,None,None,1
CF0982,CF0982.jpg,FARM_033,2024-01-13,Healthy,None,None,0
CF0983,CF0983.jpg,FARM_026,2024-03-09,Damaged,Low,Black Rot,3
CF0984,CF0984.jpg,FARM_035,2024-02-05,Healthy,None,None,0
CF0985,CF0985.jpg,FARM_031,2024-03-06,Damaged,Low,Downy Mildew,4
CF0986,CF0986.jpg,FARM_017,2024-02-16,Damaged,Medium,Bacterial Spot Rot,19
CF0987,CF0987.jpg,FARM_003,2024-01-18,Damaged,High,Bacterial Spot Rot,47
CF0988,CF0988.jpg,FARM_013,2024-03-02,Damaged,High,Black Rot,26
CF0989,CF0989.jpg,FARM_019,2024-03-13,Healthy,None,None,0
CF0990,CF0990.jpg,FARM_023,2024-01-27,Healthy,None,None,0
CF0991,CF0991.jpg,FARM_004,2024-02-17,Healthy,None,None,0
CF0992,CF0992.jpg,FARM_022,2024-02-09,Healthy,None,None,1
CF0993,CF0993.jpg,FARM_018,2024-02-11,Healthy,None,None,0
CF0994,CF0994.jpg,FARM_008,2024-01-29,Healthy,None,None,1
CF0995,CF0995.jpg,FARM_024,2024-03-04,Healthy,None,None,1
CF0996,CF0996.jpg,FARM_028,2024-02-27,Healthy,None,None,0
CF0997,CF0997.jpg,FARM_026,2024-01-19,Damaged,Medium,Bacterial Spot Rot,14
CF0998,CF0998.jpg,FARM_029,2024-03-07,Damaged,High,Bacterial Spot Rot,31
CF0999,CF0999.jpg,FARM_025,2024-03-11,Healthy,None,None,0
CF1000,CF1000.jpg,FARM_022,2024-03-24,Healthy,None,None,0
