sample_id,image_name,farmer_or_batch_id,collection_date,condition,color_score_1_10,firmness_score_1_10,spots_count,leaf_condition_score_1_10,quality_grade
CF0001,CF0001.jpg,FARM_036,2024-02-02,Healthy,8.2,9.6,1,7.7,Grade A
CF0002,CF0002.jpg,FARM_027,2024-03-13,Healthy,8.5,9.7,1,8.4,Grade A
CF0003,CF0003.jpg,FARM_039,2024-03-13,Damaged,4.1,4.1,33,1.8,Grade C
CF0004,CF0004.jpg,FARM_039,2024-02-26,Damaged,4.1,5.6,12,4.5,Grade C
CF0005,CF0005.jpg,FARM_040,2024-03-16,Damaged,6.2,7.3,5,5.6,Grade B
CF0006,CF0006.jpg,FARM_015,2024-02-13,Damaged,7.6,6.2,3,5.8,Grade B
CF0007,CF0007.jpg,FARM_034,2024-01-20,Damaged,2.0,4.1,28,2.9,Grade C
CF0008,CF0008.jpg,FARM_025,2024-03-04,Healthy,9.6,8.8,0,8.3,Grade A
CF0009,CF0009.jpg,FARM_029,2024-01-20,Healthy,8.5,9.0,1,8.9,Grade A
CF0010,CF0010.jpg,FARM_029,2024-03-05,Damaged,7.1,6.5,3,7.4,Grade B
CF0011,CF0011.jpg,FARM_020,2024-02-02,Healthy,8.3,9.9,0,7.5,Grade A
CF0012,CF0012.jpg,FARM_038,2024-03-19,Healthy,9.0,8.7,0,8.6,Grade A
CF0013,CF0013.jpg,FARM_028,2024-02-16,Damaged,5.3,5.0,19,4.5,Grade C
CF0014,CF0014.jpg,FARM_020,2024-02-20,Healthy,9.5,9.4,0,9.6,Grade A
CF0015,CF0015.jpg,FARM_037,2024-01-23,Damaged,6.4,7.1,7,6.7,Grade B
CF0016,CF0016.jpg,FARM_040,2024-01-20,Healthy,8.7,9.0,0,8.3,Grade A
CF0017,CF0017.jpg,FARM_004,2024-02-20,Healthy,8.3,8.4,0,7.8,Grade A
CF0018,CF0018.jpg,FARM_040,2024-02-16,Damaged,5.5,5.5,17,5.7,Grade C
CF0019,CF0019.jpg,FARM_007,2024-02-18,Healthy,9.5,8.1,1,9.7,Grade A
CF0020,CF0020.jpg,FARM_014,2024-03-07,Healthy,9.7,8.9,1,9.0,Grade A
CF0021,CF0021.jpg,FARM_014,2024-03-04,Healthy,10.0,9.1,0,9.8,Grade A
CF0022,CF0022.jpg,FARM_017,2024-01-31,Healthy,8.2,8.4,0,8.6,Grade A
CF0023,CF0023.jpg,FARM_006,2024-03-06,Damaged,7.1,7.5,8,7.5,Grade B
CF0024,CF0024.jpg,FARM_011,2024-02-23,Healthy,8.8,8.1,0,9.5,Grade A
CF0025,CF0025.jpg,FARM_016,2024-03-07,Healthy,9.2,8.4,0,8.7,Grade A
CF0026,CF0026.jpg,FARM_012,2024-01-15,Damaged,5.6,5.7,11,4.6,Grade C
CF0027,CF0027.jpg,FARM_036,2024-02-24,Damaged,2.3,4.1,44,2.9,Grade C
CF0028,CF0028.jpg,FARM_005,2024-03-05,Healthy,8.8,8.6,0,9.3,Grade A
CF0029,CF0029.jpg,FARM_011,2024-02-14,Damaged,6.4,6.3,5,6.6,Grade B
CF0030,CF0030.jpg,FARM_001,2024-01-17,Damaged,6.5,7.1,4,5.7,Grade B
CF0031,CF0031.jpg,FARM_027,2024-01-19,Healthy,9.3,8.6,0,7.5,Grade A
CF0032,CF0032.jpg,FARM_029,2024-03-01,Damaged,1.8,4.0,57,3.4,Grade C
CF0033,CF0033.jpg,FARM_039,2024-02-25,Healthy,8.5,9.6,0,9.0,Grade A
CF0034,CF0034.jpg,FARM_031,2024-03-15,Damaged,4.1,2.5,50,2.9,Grade C
CF0035,CF0035.jpg,FARM_019,2024-01-30,Damaged,6.1,6.7,4,7.4,Grade B
CF0036,CF0036.jpg,FARM_003,2024-01-13,Healthy,9.1,8.6,1,7.8,Grade A
CF0037,CF0037.jpg,FARM_015,2024-01-28,Healthy,9.4,9.3,0,8.4,Grade A
CF0038,CF0038.jpg,FARM_019,2024-03-06,Healthy,9.9,8.0,0,8.3,Grade A
CF0039,CF0039.jpg,FARM_019,2024-01-14,Healthy,9.8,8.6,0,8.1,Grade A
CF0040,CF0040.jpg,FARM_030,2024-01-26,Damaged,5.2,5.8,22,3.7,Grade C
CF0041,CF0041.jpg,FARM_005,2024-01-18,Healthy,9.9,9.6,0,8.0,Grade A
CF0042,CF0042.jpg,FARM_015,2024-02-09,Healthy,9.4,8.8,0,8.5,Grade A
CF0043,CF0043.jpg,FARM_017,2024-02-25,Healthy,9.6,9.9,1,7.8,Grade A
CF0044,CF0044.jpg,FARM_038,2024-02-25,Healthy,8.8,9.0,0,8.4,Grade A
CF0045,CF0045.jpg,FARM_013,2024-02-28,Healthy,8.7,8.1,0,9.2,Grade A
CF0046,CF0046.jpg,FARM_028,2024-03-22,Damaged,5.0,4.4,22,5.4,Grade C
CF0047,CF0047.jpg,FARM_008,2024-01-14,Damaged,3.7,2.8,30,1.8,Grade C
CF0048,CF0048.jpg,FARM_035,2024-01-29,Healthy,9.3,8.6,1,8.1,Grade A
CF0049,CF0049.jpg,FARM_015,2024-03-07,Healthy,9.5,8.1,1,7.7,Grade A
CF0050,CF0050.jpg,FARM_010,2024-02-26,Healthy,8.0,8.3,0,7.7,Grade A
CF0051,CF0051.jpg,FARM_018,2024-02-26,Healthy,10.0,8.6,0,7.9,Grade A
CF0052,CF0052.jpg,FARM_010,2024-03-06,Damaged,6.4,7.7,3,6.5,Grade B
CF0053,CF0053.jpg,FARM_005,2024-01-19,Damaged,4.8,5.9,22,4.4,Grade C
CF0054,CF0054.jpg,FARM_004,2024-03-23,Healthy,8.7,8.4,1,8.4,Grade A
CF0055,CF0055.jpg,FARM_011,2024-01-27,Damaged,6.6,7.2,4,6.1,Grade B
CF0056,CF0056.jpg,FARM_020,2024-03-17,Healthy,9.2,8.1,0,8.0,Grade A
CF0057,CF0057.jpg,FARM_039,2024-02-25,Damaged,4.9,6.1,12,4.4,Grade C
CF0058,CF0058.jpg,FARM_037,2024-02-29,Healthy,9.3,8.5,0,7.8,Grade A
CF0059,CF0059.jpg,FARM_019,2024-02-19,Healthy,8.1,8.6,2,7.9,Grade A
CF0060,CF0060.jpg,FARM_029,2024-02-14,Damaged,4.4,5.7,10,3.5,Grade C
CF0061,CF0061.jpg,FARM_008,2024-02-10,Healthy,9.1,8.8,0,8.8,Grade A
CF0062,CF0062.jpg,FARM_030,2024-01-24,Healthy,9.1,8.6,0,8.2,Grade A
CF0063,CF0063.jpg,FARM_020,2024-01-13,Damaged,7.3,7.6,5,5.9,Grade B
CF0064,CF0064.jpg,FARM_026,2024-02-02,Healthy,8.2,9.8,2,8.4,Grade A
CF0065,CF0065.jpg,FARM_018,2024-03-13,Healthy,9.1,8.7,1,7.8,Grade A
CF0066,CF0066.jpg,FARM_033,2024-03-16,Healthy,9.2,9.1,0,8.0,Grade A
CF0067,CF0067.jpg,FARM_035,2024-02-28,Damaged,2.7,3.7,40,2.7,Grade C
CF0068,CF0068.jpg,FARM_032,2024-03-21,Healthy,8.2,9.1,2,9.3,Grade A
CF0069,CF0069.jpg,FARM_029,2024-01-25,Damaged,7.4,7.1,9,5.8,Grade B
CF0070,CF0070.jpg,FARM_006,2024-02-12,Healthy,9.4,9.4,1,7.6,Grade A
CF0071,CF0071.jpg,FARM_039,2024-02-12,Healthy,8.8,8.7,2,9.2,Grade A
CF0072,CF0072.jpg,FARM_003,2024-03-07,Healthy,8.4,9.2,0,9.8,Grade A
CF0073,CF0073.jpg,FARM_028,2024-02-06,Damaged,7.4,7.7,8,7.5,Grade B
CF0074,CF0074.jpg,FARM_021,2024-02-15,Damaged,6.0,7.1,9,6.3,Grade B
CF0075,CF0075.jpg,FARM_039,2024-03-12,Damaged,7.5,6.5,5,7.5,Grade B
CF0076,CF0076.jpg,FARM_017,2024-02-04,Healthy,9.2,9.6,0,7.7,Grade A
CF0077,CF0077.jpg,FARM_002,2024-01-25,Healthy,8.4,9.5,0,7.6,Grade A
CF0078,CF0078.jpg,FARM_006,2024-01-27,Healthy,9.6,8.0,1,9.1,Grade A
CF0079,CF0079.jpg,FARM_015,2024-01-19,Damaged,2.5,3.2,36,2.9,Grade C
CF0080,CF0080.jpg,FARM_037,2024-03-07,Healthy,8.7,8.2,0,7.7,Grade A
CF0081,CF0081.jpg,FARM_038,2024-02-01,Healthy,9.2,9.0,2,9.4,Grade A
CF0082,CF0082.jpg,FARM_002,2024-03-06,Damaged,2.9,2.6,29,2.1,Grade C
CF0083,CF0083.jpg,FARM_018,2024-01-21,Damaged,6.0,6.6,9,7.5,Grade B
CF0084,CF0084.jpg,FARM_037,2024-02-19,Healthy,9.7,8.7,0,9.0,Grade A
CF0085,CF0085.jpg,FARM_003,2024-02-23,Damaged,3.8,2.7,55,1.1,Grade C
CF0086,CF0086.jpg,FARM_012,2024-01-18,Healthy,8.1,9.0,0,9.9,Grade A
CF0087,CF0087.jpg,FARM_031,2024-03-20,Healthy,9.4,8.1,0,8.0,Grade A
CF0088,CF0088.jpg,FARM_034,2024-03-19,Damaged,5.7,5.9,19,4.9,Grade C
CF0089,CF0089.jpg,FARM_029,2024-02-16,Damaged,5.4,4.1,22,5.4,Grade C
CF0090,CF0090.jpg,FARM_018,2024-02-17,Healthy,9.6,8.5,1,9.3,Grade A
CF0091,CF0091.jpg,FARM_012,2024-01-30,Healthy,8.4,8.1,0,8.0,Grade A
CF0092,CF0092.jpg,FARM_038,2024-02-01,Healthy,8.4,8.7,0,8.5,Grade A
CF0093,CF0093.jpg,FARM_028,2024-02-25,Damaged,2.9,2.8,25,1.8,Grade C
CF0094,CF0094.jpg,FARM_032,2024-03-15,Damaged,1.6,3.1,36,2.1,Grade C
CF0095,CF0095.jpg,FARM_006,2024-02-07,Healthy,8.6,9.7,0,9.4,Grade A
CF0096,CF0096.jpg,FARM_031,2024-01-25,Healthy,9.7,9.0,1,7.8,Grade A
CF0097,CF0097.jpg,FARM_023,2024-02-04,Healthy,9.4,8.4,0,8.6,Grade A
CF0098,CF0098.jpg,FARM_027,2024-01-27,Damaged,6.1,7.5,6,5.8,Grade B
CF0099,CF0099.jpg,FARM_022,2024-02-09,Healthy,9.8,9.7,0,8.7,Grade A
CF0100,CF0100.jpg,FARM_021,2024-03-13,Healthy,9.5,9.2,1,9.5,Grade A
CF0101,CF0101.jpg,FARM_007,2024-01-13,Damaged,4.9,5.7,21,4.6,Grade C
CF0102,CF0102.jpg,FARM_011,2024-02-25,Healthy,9.9,9.0,0,8.7,Grade A
CF0103,CF0103.jpg,FARM_022,2024-03-20,Damaged,7.4,7.5,3,6.6,Grade B
CF0104,CF0104.jpg,FARM_027,2024-03-23,Damaged,6.3,6.8,9,7.4,Grade B
CF0105,CF0105.jpg,FARM_032,2024-02-26,Healthy,9.5,9.6,0,7.6,Grade A
CF0106,CF0106.jpg,FARM_019,2024-03-09,Damaged,5.0,5.4,21,5.4,Grade C
CF0107,CF0107.jpg,FARM_026,2024-03-20,Damaged,1.6,3.8,29,2.5,Grade C
CF0108,CF0108.jpg,FARM_036,2024-01-26,Damaged,4.4,4.7,17,4.1,Grade C
CF0109,CF0109.jpg,FARM_003,2024-01-21,Healthy,9.1,8.1,0,7.9,Grade A
CF0110,CF0110.jpg,FARM_030,2024-01-18,Healthy,9.6,8.3,0,8.1,Grade A
CF0111,CF0111.jpg,FARM_006,2024-02-18,Damaged,5.0,5.1,19,5.3,Grade C
CF0112,CF0112.jpg,FARM_021,2024-02-29,Healthy,8.9,9.6,1,9.0,Grade A
CF0113,CF0113.jpg,FARM_017,2024-03-11,Damaged,4.2,4.3,18,4.5,Grade C
CF0114,CF0114.jpg,FARM_021,2024-03-17,Damaged,4.9,5.6,20,4.8,Grade C
CF0115,CF0115.jpg,FARM_008,2024-03-02,Healthy,8.8,8.3,0,8.1,Grade A
CF0116,CF0116.jpg,FARM_026,2024-03-02,Healthy,9.2,8.8,1,8.8,Grade A
CF0117,CF0117.jpg,FARM_033,2024-03-23,Healthy,8.3,9.3,0,9.6,Grade A
CF0118,CF0118.jpg,FARM_001,2024-01-19,Healthy,8.5,9.0,1,9.9,Grade A
CF0119,CF0119.jpg,FARM_035,2024-01-26,Healthy,8.7,9.2,0,7.7,Grade A
CF0120,CF0120.jpg,FARM_030,2024-02-19,Damaged,5.3,4.2,10,5.7,Grade C
CF0121,CF0121.jpg,FARM_027,2024-01-19,Healthy,9.4,9.6,1,9.3,Grade A
CF0122,CF0122.jpg,FARM_004,2024-03-07,Healthy,9.2,8.9,0,9.6,Grade A
CF0123,CF0123.jpg,FARM_013,2024-03-09,Healthy,9.9,9.0,2,9.8,Grade A
CF0124,CF0124.jpg,FARM_034,2024-03-16,Healthy,9.2,9.1,0,8.6,Grade A
CF0125,CF0125.jpg,FARM_024,2024-02-23,Healthy,8.4,8.0,0,8.1,Grade A
CF0126,CF0126.jpg,FARM_040,2024-01-26,Healthy,9.0,8.8,0,8.6,Grade A
CF0127,CF0127.jpg,FARM_032,2024-03-20,Healthy,10.0,8.7,1,8.6,Grade A
CF0128,CF0128.jpg,FARM_029,2024-03-25,Damaged,6.2,6.1,5,7.1,Grade B
CF0129,CF0129.jpg,FARM_004,2024-02-02,Healthy,9.1,9.5,2,7.9,Grade A
CF0130,CF0130.jpg,FARM_014,2024-01-26,Damaged,7.0,6.5,3,6.0,Grade B
CF0131,CF0131.jpg,FARM_018,2024-03-05,Healthy,8.0,8.3,0,8.3,Grade A
CF0132,CF0132.jpg,FARM_036,2024-03-14,Healthy,8.2,10.0,0,8.3,Grade A
CF0133,CF0133.jpg,FARM_009,2024-01-17,Healthy,8.3,8.4,0,9.0,Grade A
CF0134,CF0134.jpg,FARM_019,2024-01-25,Healthy,8.1,9.7,0,9.9,Grade A
CF0135,CF0135.jpg,FARM_029,2024-03-16,Healthy,8.5,8.9,1,7.6,Grade A
CF0136,CF0136.jpg,FARM_032,2024-01-29,Healthy,9.3,8.8,0,8.2,Grade A
CF0137,CF0137.jpg,FARM_008,2024-02-17,Healthy,8.4,9.3,1,8.5,Grade A
CF0138,CF0138.jpg,FARM_002,2024-01-31,Healthy,8.4,9.4,0,8.9,Grade A
CF0139,CF0139.jpg,FARM_039,2024-01-30,Healthy,9.7,8.2,0,9.5,Grade A
CF0140,CF0140.jpg,FARM_016,2024-02-20,Damaged,7.2,6.2,3,6.9,Grade B
CF0141,CF0141.jpg,FARM_011,2024-02-07,Healthy,8.9,9.9,0,7.9,Grade A
CF0142,CF0142.jpg,FARM_020,2024-02-23,Damaged,7.2,6.7,9,7.4,Grade B
CF0143,CF0143.jpg,FARM_036,2024-03-16,Healthy,8.7,9.9,0,9.8,Grade A
CF0144,CF0144.jpg,FARM_001,2024-02-15,Healthy,8.5,9.6,0,10.0,Grade A
CF0145,CF0145.jpg,FARM_036,2024-01-20,Damaged,4.6,5.0,21,4.7,Grade C
CF0146,CF0146.jpg,FARM_027,2024-02-11,Healthy,8.6,8.0,0,8.1,Grade A
CF0147,CF0147.jpg,FARM_006,2024-02-04,Healthy,8.6,8.9,0,7.9,Grade A
CF0148,CF0148.jpg,FARM_015,2024-03-20,Damaged,7.6,7.3,5,5.7,Grade B
CF0149,CF0149.jpg,FARM_008,2024-02-14,Healthy,9.3,9.3,1,9.9,Grade A
CF0150,CF0150.jpg,FARM_030,2024-01-26,Healthy,8.0,8.5,0,9.8,Grade A
CF0151,CF0151.jpg,FARM_008,2024-02-17,Damaged,7.7,7.3,9,7.0,Grade B
CF0152,CF0152.jpg,FARM_010,2024-03-18,Healthy,8.2,9.0,0,8.1,Grade A
CF0153,CF0153.jpg,FARM_032,2024-01-21,Healthy,8.4,9.6,0,7.8,Grade A
CF0154,CF0154.jpg,FARM_019,2024-03-14,Damaged,5.0,6.1,13,3.9,Grade C
CF0155,CF0155.jpg,FARM_033,2024-01-31,Healthy,10.0,10.0,1,8.9,Grade A
CF0156,CF0156.jpg,FARM_018,2024-03-25,Healthy,8.3,8.6,1,8.6,Grade A
CF0157,CF0157.jpg,FARM_027,2024-03-24,Healthy,8.6,8.6,0,9.9,Grade A
CF0158,CF0158.jpg,FARM_031,2024-01-29,Damaged,1.9,3.5,42,1.0,Grade C
CF0159,CF0159.jpg,FARM_031,2024-01-31,Damaged,5.3,6.0,15,4.2,Grade C
CF0160,CF0160.jpg,FARM_016,2024-02-22,Healthy,8.4,9.3,2,9.3,Grade A
CF0161,CF0161.jpg,FARM_030,2024-03-22,Damaged,5.5,4.7,12,4.1,Grade C
CF0162,CF0162.jpg,FARM_036,2024-01-15,Damaged,7.7,7.7,6,6.4,Grade B
CF0163,CF0163.jpg,FARM_010,2024-01-13,Healthy,9.7,8.9,0,8.6,Grade A
CF0164,CF0164.jpg,FARM_025,2024-01-20,Healthy,8.3,8.9,2,8.8,Grade A
CF0165,CF0165.jpg,FARM_013,2024-01-15,Healthy,8.0,8.9,0,9.5,Grade A
CF0166,CF0166.jpg,FARM_039,2024-03-23,Healthy,9.4,9.3,0,9.8,Grade A
CF0167,CF0167.jpg,FARM_033,2024-02-12,Healthy,8.0,9.1,1,9.5,Grade A
CF0168,CF0168.jpg,FARM_009,2024-02-05,Damaged,5.2,4.7,18,3.8,Grade C
CF0169,CF0169.jpg,FARM_005,2024-03-23,Healthy,9.8,8.9,0,9.7,Grade A
CF0170,CF0170.jpg,FARM_018,2024-03-03,Damaged,7.1,7.2,5,7.1,Grade B
CF0171,CF0171.jpg,FARM_027,2024-01-13,Damaged,7.2,6.7,9,6.5,Grade B
CF0172,CF0172.jpg,FARM_022,2024-03-13,Healthy,9.6,8.7,0,8.5,Grade A
CF0173,CF0173.jpg,FARM_033,2024-03-19,Healthy,8.2,9.8,0,7.7,Grade A
CF0174,CF0174.jpg,FARM_018,2024-02-16,Damaged,7.2,6.7,9,6.3,Grade B
CF0175,CF0175.jpg,FARM_001,2024-02-17,Healthy,9.4,8.1,0,9.0,Grade A
CF0176,CF0176.jpg,FARM_019,2024-03-11,Damaged,7.4,7.5,8,5.8,Grade B
CF0177,CF0177.jpg,FARM_020,2024-02-10,Healthy,9.8,9.3,1,9.7,Grade A
CF0178,CF0178.jpg,FARM_038,2024-03-01,Damaged,6.9,7.0,4,7.3,Grade B
CF0179,CF0179.jpg,FARM_038,2024-02-17,Damaged,7.6,6.8,8,6.0,Grade B
CF0180,CF0180.jpg,FARM_032,2024-03-08,Healthy,8.8,8.8,1,8.2,Grade A
CF0181,CF0181.jpg,FARM_010,2024-01-19,Healthy,8.5,9.7,0,7.7,Grade A
CF0182,CF0182.jpg,FARM_029,2024-01-17,Damaged,3.3,2.0,52,2.0,Grade C
CF0183,CF0183.jpg,FARM_035,2024-01-30,Healthy,8.1,8.5,0,9.4,Grade A
CF0184,CF0184.jpg,FARM_031,2024-03-06,Healthy,9.8,8.4,0,8.7,Grade A
CF0185,CF0185.jpg,FARM_023,2024-03-03,Damaged,2.8,3.9,52,3.1,Grade C
CF0186,CF0186.jpg,FARM_022,2024-03-11,Healthy,9.0,9.3,0,9.6,Grade A
CF0187,CF0187.jpg,FARM_036,2024-03-09,Healthy,8.0,8.8,0,9.8,Grade A
CF0188,CF0188.jpg,FARM_035,2024-02-05,Healthy,9.5,9.1,0,8.8,Grade A
CF0189,CF0189.jpg,FARM_025,2024-02-22,Damaged,2.4,2.9,57,2.8,Grade C
CF0190,CF0190.jpg,FARM_030,2024-01-28,Healthy,8.8,9.4,0,9.7,Grade A
CF0191,CF0191.jpg,FARM_021,2024-02-19,Damaged,6.3,6.8,3,6.3,Grade B
CF0192,CF0192.jpg,FARM_013,2024-02-19,Healthy,9.4,8.5,0,9.1,Grade A
CF0193,CF0193.jpg,FARM_016,2024-02-23,Healthy,9.8,8.8,1,9.8,Grade A
CF0194,CF0194.jpg,FARM_037,2024-03-01,Damaged,7.8,6.2,7,6.0,Grade B
CF0195,CF0195.jpg,FARM_025,2024-01-26,Damaged,4.1,4.1,42,1.3,Grade C
CF0196,CF0196.jpg,FARM_015,2024-02-26,Damaged,4.0,4.4,15,5.8,Grade C
CF0197,CF0197.jpg,FARM_027,2024-03-15,Healthy,8.4,9.0,0,9.6,Grade A
CF0198,CF0198.jpg,FARM_003,2024-03-21,Damaged,6.0,7.1,6,6.1,Grade B
CF0199,CF0199.jpg,FARM_021,2024-01-23,Damaged,7.6,6.5,5,6.9,Grade B
CF0200,CF0200.jpg,FARM_031,2024-02-19,Healthy,9.3,8.4,0,7.6,Grade A
CF0201,CF0201.jpg,FARM_025,2024-02-09,Damaged,6.7,6.5,5,7.1,Grade B
CF0202,CF0202.jpg,FARM_025,2024-03-09,Healthy,9.6,8.9,1,9.0,Grade A
CF0203,CF0203.jpg,FARM_010,2024-01-25,Healthy,9.2,9.7,0,8.6,Grade A
CF0204,CF0204.jpg,FARM_032,2024-02-13,Healthy,8.6,8.5,0,8.8,Grade A
CF0205,CF0205.jpg,FARM_003,2024-03-07,Damaged,5.0,5.0,16,3.7,Grade C
CF0206,CF0206.jpg,FARM_009,2024-02-10,Damaged,7.3,6.4,4,5.9,Grade B
CF0207,CF0207.jpg,FARM_033,2024-01-28,Healthy,8.8,8.5,0,9.0,Grade A
CF0208,CF0208.jpg,FARM_038,2024-01-22,Healthy,8.7,8.9,0,8.8,Grade A
CF0209,CF0209.jpg,FARM_022,2024-01-16,Healthy,8.4,8.3,0,9.7,Grade A
CF0210,CF0210.jpg,FARM_007,2024-02-16,Damaged,2.7,2.6,27,1.1,Grade C
CF0211,CF0211.jpg,FARM_029,2024-02-28,Damaged,5.1,5.2,11,4.8,Grade C
CF0212,CF0212.jpg,FARM_007,2024-03-03,Damaged,3.4,2.0,53,1.7,Grade C
CF0213,CF0213.jpg,FARM_034,2024-02-10,Healthy,9.6,9.9,0,7.8,Grade A
CF0214,CF0214.jpg,FARM_030,2024-01-30,Healthy,9.0,8.4,0,7.7,Grade A
CF0215,CF0215.jpg,FARM_001,2024-02-20,Healthy,8.7,8.3,2,9.3,Grade A
CF0216,CF0216.jpg,FARM_010,2024-03-23,Healthy,9.1,8.3,0,7.5,Grade A
CF0217,CF0217.jpg,FARM_027,2024-02-19,Healthy,9.6,8.4,1,9.0,Grade A
CF0218,CF0218.jpg,FARM_010,2024-02-03,Healthy,8.7,9.2,1,8.3,Grade A
CF0219,CF0219.jpg,FARM_005,2024-01-30,Healthy,8.2,8.4,0,8.0,Grade A
CF0220,CF0220.jpg,FARM_031,2024-03-13,Healthy,8.9,9.3,0,8.2,Grade A
CF0221,CF0221.jpg,FARM_017,2024-03-15,Damaged,6.0,6.9,3,6.7,Grade B
CF0222,CF0222.jpg,FARM_022,2024-03-09,Damaged,7.7,7.1,9,6.4,Grade B
CF0223,CF0223.jpg,FARM_040,2024-03-13,Healthy,9.1,9.9,2,9.6,Grade A
CF0224,CF0224.jpg,FARM_026,2024-02-18,Damaged,2.4,2.1,49,1.7,Grade C
CF0225,CF0225.jpg,FARM_006,2024-03-13,Damaged,5.1,5.6,23,4.7,Grade C
CF0226,CF0226.jpg,FARM_022,2024-01-12,Healthy,8.1,9.4,0,9.5,Grade A
CF0227,CF0227.jpg,FARM_035,2024-01-21,Healthy,8.6,9.3,0,8.6,Grade A
CF0228,CF0228.jpg,FARM_025,2024-02-29,Healthy,9.8,9.7,1,8.8,Grade A
CF0229,CF0229.jpg,FARM_021,2024-03-14,Healthy,9.4,9.8,0,8.7,Grade A
CF0230,CF0230.jpg,FARM_032,2024-03-08,Damaged,6.6,7.4,9,5.9,Grade B
CF0231,CF0231.jpg,FARM_035,2024-02-09,Healthy,8.8,9.7,0,9.3,Grade A
CF0232,CF0232.jpg,FARM_003,2024-02-06,Healthy,8.8,8.4,0,8.4,Grade A
CF0233,CF0233.jpg,FARM_040,2024-03-24,Damaged,6.5,6.3,6,7.0,Grade B
CF0234,CF0234.jpg,FARM_005,2024-02-24,Damaged,4.6,5.0,19,4.4,Grade C
CF0235,CF0235.jpg,FARM_016,2024-01-16,Healthy,10.0,8.8,0,7.7,Grade A
CF0236,CF0236.jpg,FARM_019,2024-01-16,Healthy,8.2,9.2,0,9.0,Grade A
CF0237,CF0237.jpg,FARM_015,2024-02-15,Healthy,8.8,8.9,0,7.6,Grade A
CF0238,CF0238.jpg,FARM_006,2024-03-13,Damaged,6.9,6.9,3,5.8,Grade B
CF0239,CF0239.jpg,FARM_028,2024-03-10,Damaged,4.2,4.3,19,3.7,Grade C
CF0240,CF0240.jpg,FARM_007,2024-02-15,Damaged,7.1,6.4,5,6.0,Grade B
CF0241,CF0241.jpg,FARM_007,2024-03-18,Healthy,8.3,9.9,0,9.6,Grade A
CF0242,CF0242.jpg,FARM_029,2024-01-11,Healthy,8.5,8.7,0,8.0,Grade A
CF0243,CF0243.jpg,FARM_011,2024-01-23,Damaged,5.1,4.0,15,5.0,Grade C
CF0244,CF0244.jpg,FARM_020,2024-03-05,Healthy,9.0,9.8,0,7.9,Grade A
CF0245,CF0245.jpg,FARM_002,2024-01-27,Damaged,5.8,5.7,24,3.8,Grade C
CF0246,CF0246.jpg,FARM_003,2024-02-12,Healthy,8.8,8.3,1,8.1,Grade A
CF0247,CF0247.jpg,FARM_021,2024-02-25,Healthy,8.5,9.1,1,8.5,Grade A
CF0248,CF0248.jpg,FARM_004,2024-03-01,Healthy,9.9,8.3,0,9.9,Grade A
CF0249,CF0249.jpg,FARM_019,2024-02-25,Damaged,2.1,3.6,36,1.9,Grade C
CF0250,CF0250.jpg,FARM_023,2024-01-15,Damaged,6.3,7.5,9,6.1,Grade B
CF0251,CF0251.jpg,FARM_024,2024-03-01,Healthy,9.3,9.1,2,8.7,Grade A
CF0252,CF0252.jpg,FARM_028,2024-01-16,Healthy,9.0,9.5,0,7.7,Grade A
CF0253,CF0253.jpg,FARM_010,2024-03-22,Healthy,9.3,9.8,0,7.6,Grade A
CF0254,CF0254.jpg,FARM_016,2024-03-21,Damaged,4.3,5.6,10,4.5,Grade C
CF0255,CF0255.jpg,FARM_034,2024-02-03,Healthy,8.8,8.3,0,8.8,Grade A
CF0256,CF0256.jpg,FARM_027,2024-02-25,Damaged,1.8,2.8,39,3.1,Grade C
CF0257,CF0257.jpg,FARM_037,2024-03-20,Damaged,4.6,5.1,13,5.8,Grade C
CF0258,CF0258.jpg,FARM_012,2024-02-15,Healthy,9.4,9.7,0,8.5,Grade A
CF0259,CF0259.jpg,FARM_011,2024-01-19,Damaged,5.7,4.1,23,3.8,Grade C
CF0260,CF0260.jpg,FARM_012,2024-02-28,Damaged,6.4,6.7,7,7.2,Grade B
CF0261,CF0261.jpg,FARM_006,2024-03-14,Healthy,8.7,9.3,1,9.3,Grade A
CF0262,CF0262.jpg,FARM_040,2024-03-07,Damaged,7.1,6.6,7,6.7,Grade B
CF0263,CF0263.jpg,FARM_025,2024-03-20,Healthy,8.7,8.2,0,10.0,Grade A
CF0264,CF0264.jpg,FARM_040,2024-02-14,Damaged,4.3,4.2,15,5.5,Grade C
CF0265,CF0265.jpg,FARM_016,2024-01-25,Healthy,8.6,9.3,2,8.3,Grade A
CF0266,CF0266.jpg,FARM_032,2024-01-26,Damaged,2.6,2.2,46,2.0,Grade C
CF0267,CF0267.jpg,FARM_038,2024-01-22,Damaged,4.9,5.6,20,4.7,Grade C
CF0268,CF0268.jpg,FARM_010,2024-02-29,Healthy,9.9,8.1,0,8.8,Grade A
CF0269,CF0269.jpg,FARM_015,2024-02-26,Healthy,9.2,9.8,0,7.6,Grade A
CF0270,CF0270.jpg,FARM_030,2024-02-22,Healthy,9.1,9.7,0,8.1,Grade A
CF0271,CF0271.jpg,FARM_017,2024-03-21,Healthy,9.8,8.0,0,9.3,Grade A
CF0272,CF0272.jpg,FARM_030,2024-02-25,Healthy,9.9,9.3,1,8.6,Grade A
CF0273,CF0273.jpg,FARM_017,2024-01-28,Healthy,8.1,9.8,2,8.7,Grade A
CF0274,CF0274.jpg,FARM_001,2024-02-04,Healthy,8.1,9.4,0,8.7,Grade A
CF0275,CF0275.jpg,FARM_030,2024-03-15,Damaged,4.3,4.5,22,3.6,Grade C
CF0276,CF0276.jpg,FARM_019,2024-03-01,Healthy,9.1,9.2,0,8.8,Grade A
CF0277,CF0277.jpg,FARM_035,2024-03-14,Damaged,3.7,3.8,41,2.7,Grade C
CF0278,CF0278.jpg,FARM_011,2024-01-15,Damaged,6.0,7.3,6,6.3,Grade B
CF0279,CF0279.jpg,FARM_005,2024-01-15,Healthy,9.1,9.3,0,8.4,Grade A
CF0280,CF0280.jpg,FARM_029,2024-01-14,Healthy,9.8,8.3,0,9.2,Grade A
CF0281,CF0281.jpg,FARM_023,2024-01-27,Healthy,8.0,9.8,0,7.8,Grade A
CF0282,CF0282.jpg,FARM_038,2024-02-21,Damaged,4.2,4.7,18,4.4,Grade C
CF0283,CF0283.jpg,FARM_020,2024-03-10,Damaged,2.1,3.1,32,2.2,Grade C
CF0284,CF0284.jpg,FARM_028,2024-03-16,Healthy,8.1,8.6,0,9.5,Grade A
CF0285,CF0285.jpg,FARM_017,2024-03-08,Damaged,5.5,5.6,19,5.1,Grade C
CF0286,CF0286.jpg,FARM_030,2024-01-29,Healthy,8.6,8.2,0,8.2,Grade A
CF0287,CF0287.jpg,FARM_020,2024-03-15,Healthy,9.7,10.0,0,8.7,Grade A
CF0288,CF0288.jpg,FARM_013,2024-01-27,Healthy,8.0,8.3,0,8.3,Grade A
CF0289,CF0289.jpg,FARM_025,2024-02-20,Damaged,5.3,4.2,23,5.7,Grade C
CF0290,CF0290.jpg,FARM_031,2024-02-19,Healthy,8.7,9.8,0,9.5,Grade A
CF0291,CF0291.jpg,FARM_007,2024-01-30,Healthy,9.5,9.2,0,9.1,Grade A
CF0292,CF0292.jpg,FARM_016,2024-02-29,Damaged,3.2,3.2,57,2.6,Grade C
CF0293,CF0293.jpg,FARM_025,2024-02-17,Damaged,6.2,5.6,11,5.3,Grade B
CF0294,CF0294.jpg,FARM_037,2024-03-25,Damaged,7.6,6.4,8,5.7,Grade B
CF0295,CF0295.jpg,FARM_023,2024-02-22,Damaged,2.8,2.9,31,3.3,Grade C
CF0296,CF0296.jpg,FARM_037,2024-03-14,Damaged,5.0,5.3,20,4.7,Grade C
CF0297,CF0297.jpg,FARM_019,2024-03-15,Damaged,6.1,7.1,6,7.2,Grade B
CF0298,CF0298.jpg,FARM_019,2024-03-18,Healthy,8.3,9.2,1,9.0,Grade A
CF0299,CF0299.jpg,FARM_002,2024-03-12,Healthy,8.3,8.2,0,10.0,Grade A
CF0300,CF0300.jpg,FARM_026,2024-03-22,Healthy,8.8,8.5,1,7.9,Grade A
CF0301,CF0301.jpg,FARM_018,2024-02-17,Damaged,7.2,7.1,3,6.8,Grade B
CF0302,CF0302.jpg,FARM_001,2024-03-10,Healthy,8.2,9.8,0,8.5,Grade A
CF0303,CF0303.jpg,FARM_037,2024-01-12,Healthy,8.6,8.9,0,8.5,Grade A
CF0304,CF0304.jpg,FARM_004,2024-02-26,Healthy,9.7,9.9,0,8.3,Grade A
CF0305,CF0305.jpg,FARM_039,2024-02-21,Healthy,9.7,9.6,0,9.8,Grade A
CF0306,CF0306.jpg,FARM_032,2024-01-24,Damaged,4.5,5.3,14,4.1,Grade C
CF0307,CF0307.jpg,FARM_019,2024-03-03,Healthy,9.6,8.0,0,8.9,Grade A
CF0308,CF0308.jpg,FARM_015,2024-03-24,Damaged,4.7,4.7,24,5.0,Grade C
CF0309,CF0309.jpg,FARM_039,2024-02-18,Damaged,5.9,5.3,11,5.5,Grade B
CF0310,CF0310.jpg,FARM_023,2024-01-13,Healthy,8.5,9.0,1,8.6,Grade A
CF0311,CF0311.jpg,FARM_015,2024-03-10,Damaged,6.0,7.0,7,6.8,Grade B
CF0312,CF0312.jpg,FARM_013,2024-02-12,Damaged,5.3,5.6,10,4.8,Grade C
CF0313,CF0313.jpg,FARM_040,2024-03-24,Healthy,8.1,8.2,0,9.0,Grade A
CF0314,CF0314.jpg,FARM_017,2024-03-23,Healthy,8.5,8.2,0,8.6,Grade A
CF0315,CF0315.jpg,FARM_009,2024-02-08,Damaged,5.2,4.7,22,5.2,Grade C
CF0316,CF0316.jpg,FARM_007,2024-01-16,Damaged,7.2,6.6,4,7.0,Grade B
CF0317,CF0317.jpg,FARM_003,2024-03-24,Healthy,9.3,9.3,0,8.9,Grade A
CF0318,CF0318.jpg,FARM_020,2024-03-11,Healthy,8.0,9.4,0,8.4,Grade A
CF0319,CF0319.jpg,FARM_029,2024-01-31,Healthy,9.9,9.6,0,9.0,Grade A
CF0320,CF0320.jpg,FARM_003,2024-03-17,Damaged,2.2,2.1,48,2.0,Grade C
CF0321,CF0321.jpg,FARM_038,2024-02-27,Healthy,9.0,8.6,1,8.8,Grade A
CF0322,CF0322.jpg,FARM_024,2024-01-28,Healthy,8.3,10.0,0,7.8,Grade A
CF0323,CF0323.jpg,FARM_009,2024-02-10,Damaged,4.0,4.0,26,2.5,Grade C
CF0324,CF0324.jpg,FARM_006,2024-01-14,Damaged,5.6,5.0,11,4.9,Grade C
CF0325,CF0325.jpg,FARM_019,2024-03-23,Damaged,6.6,6.5,4,6.7,Grade B
CF0326,CF0326.jpg,FARM_021,2024-01-24,Healthy,9.0,9.2,0,8.2,Grade A
CF0327,CF0327.jpg,FARM_027,2024-02-03,Healthy,8.7,8.2,0,7.6,Grade A
CF0328,CF0328.jpg,FARM_012,2024-01-12,Healthy,8.5,8.1,0,7.8,Grade A
CF0329,CF0329.jpg,FARM_013,2024-03-06,Damaged,3.7,1.6,35,2.8,Grade C
CF0330,CF0330.jpg,FARM_009,2024-02-19,Healthy,8.5,9.7,0,8.7,Grade A
CF0331,CF0331.jpg,FARM_035,2024-03-03,Damaged,6.6,6.9,8,6.3,Grade B
CF0332,CF0332.jpg,FARM_024,2024-01-29,Healthy,9.1,8.2,0,10.0,Grade A
CF0333,CF0333.jpg,FARM_034,2024-03-02,Healthy,8.9,8.7,0,9.3,Grade A
CF0334,CF0334.jpg,FARM_033,2024-02-05,Healthy,8.7,9.7,0,8.6,Grade A
CF0335,CF0335.jpg,FARM_018,2024-03-02,Damaged,5.6,4.2,18,5.4,Grade C
CF0336,CF0336.jpg,FARM_011,2024-03-14,Damaged,5.6,4.5,12,3.8,Grade C
CF0337,CF0337.jpg,FARM_017,2024-03-10,Damaged,4.7,6.1,20,4.1,Grade C
CF0338,CF0338.jpg,FARM_031,2024-01-17,Damaged,5.0,4.1,13,4.4,Grade C
CF0339,CF0339.jpg,FARM_019,2024-01-27,Damaged,7.0,7.7,3,6.5,Grade B
CF0340,CF0340.jpg,FARM_022,2024-03-16,Healthy,9.6,9.1,0,7.6,Grade A
CF0341,CF0341.jpg,FARM_008,2024-02-05,Damaged,2.4,3.1,50,3.7,Grade C
CF0342,CF0342.jpg,FARM_030,2024-03-21,Damaged,7.5,6.4,3,5.9,Grade B
CF0343,CF0343.jpg,FARM_005,2024-02-20,Healthy,8.4,9.8,0,9.6,Grade A
CF0344,CF0344.jpg,FARM_010,2024-03-11,Damaged,3.6,2.6,45,2.4,Grade C
CF0345,CF0345.jpg,FARM_015,2024-03-17,Healthy,8.9,8.5,0,8.8,Grade A
CF0346,CF0346.jpg,FARM_026,2024-02-27,Healthy,8.1,8.3,0,9.7,Grade A
CF0347,CF0347.jpg,FARM_036,2024-02-19,Damaged,7.4,6.8,6,6.5,Grade B
CF0348,CF0348.jpg,FARM_024,2024-02-01,Healthy,8.7,9.5,2,9.5,Grade A
CF0349,CF0349.jpg,FARM_006,2024-03-08,Healthy,9.5,9.4,0,8.0,Grade A
CF0350,CF0350.jpg,FARM_026,2024-03-18,Damaged,2.4,2.8,27,1.9,Grade C
CF0351,CF0351.jpg,FARM_001,2024-02-22,Healthy,9.5,8.7,1,7.8,Grade A
CF0352,CF0352.jpg,FARM_017,2024-03-19,Healthy,8.8,10.0,0,8.1,Grade A
CF0353,CF0353.jpg,FARM_035,2024-02-24,Healthy,9.2,8.9,0,7.7,Grade A
CF0354,CF0354.jpg,FARM_008,2024-02-12,Healthy,9.0,9.4,0,8.8,Grade A
CF0355,CF0355.jpg,FARM_030,2024-03-11,Damaged,3.9,2.3,38,1.2,Grade C
CF0356,CF0356.jpg,FARM_024,2024-02-03,Damaged,7.7,6.7,9,6.7,Grade B
CF0357,CF0357.jpg,FARM_017,2024-02-10,Healthy,9.6,8.6,0,9.3,Grade A
CF0358,CF0358.jpg,FARM_038,2024-02-14,Healthy,8.3,8.6,0,7.9,Grade A
CF0359,CF0359.jpg,FARM_025,2024-03-21,Healthy,9.6,8.4,1,9.3,Grade A
CF0360,CF0360.jpg,FARM_024,2024-02-17,Healthy,9.9,9.1,0,8.9,Grade A
CF0361,CF0361.jpg,FARM_007,2024-02-07,Healthy,8.9,8.7,0,8.7,Grade A
CF0362,CF0362.jpg,FARM_015,2024-02-17,Healthy,9.2,10.0,0,9.8,Grade A
CF0363,CF0363.jpg,FARM_031,2024-02-15,Damaged,3.8,3.9,48,2.3,Grade C
CF0364,CF0364.jpg,FARM_002,2024-02-05,Healthy,9.3,9.8,0,8.5,Grade A
CF0365,CF0365.jpg,FARM_040,2024-03-12,Damaged,6.1,4.9,14,4.9,Grade C
CF0366,CF0366.jpg,FARM_036,2024-02-19,Damaged,7.3,7.7,8,6.0,Grade B
CF0367,CF0367.jpg,FARM_021,2024-03-11,Healthy,9.5,9.0,0,8.2,Grade A
CF0368,CF0368.jpg,FARM_040,2024-02-23,Healthy,9.6,9.1,0,9.2,Grade A
CF0369,CF0369.jpg,FARM_015,2024-03-21,Damaged,4.7,5.1,15,4.9,Grade C
CF0370,CF0370.jpg,FARM_005,2024-02-14,Healthy,8.8,8.4,0,9.9,Grade A
CF0371,CF0371.jpg,FARM_030,2024-02-15,Healthy,9.0,9.5,0,8.5,Grade A
CF0372,CF0372.jpg,FARM_020,2024-01-25,Healthy,8.7,8.8,0,8.5,Grade A
CF0373,CF0373.jpg,FARM_027,2024-03-23,Healthy,9.1,9.1,0,8.7,Grade A
CF0374,CF0374.jpg,FARM_008,2024-03-19,Healthy,8.3,9.0,0,7.9,Grade A
CF0375,CF0375.jpg,FARM_009,2024-02-27,Healthy,8.3,9.9,0,9.0,Grade A
CF0376,CF0376.jpg,FARM_003,2024-02-29,Healthy,9.3,8.8,0,9.8,Grade A
CF0377,CF0377.jpg,FARM_003,2024-02-23,Healthy,9.3,9.5,0,8.4,Grade A
CF0378,CF0378.jpg,FARM_020,2024-01-28,Damaged,6.1,5.8,15,5.5,Grade B
CF0379,CF0379.jpg,FARM_032,2024-02-16,Damaged,4.4,4.6,15,4.2,Grade C
CF0380,CF0380.jpg,FARM_008,2024-01-15,Healthy,8.5,9.7,0,7.6,Grade A
CF0381,CF0381.jpg,FARM_007,2024-02-15,Healthy,8.2,8.5,1,8.0,Grade A
CF0382,CF0382.jpg,FARM_016,2024-01-20,Healthy,8.5,9.6,0,8.9,Grade A
CF0383,CF0383.jpg,FARM_035,2024-02-23,Healthy,8.0,8.9,0,8.5,Grade A
CF0384,CF0384.jpg,FARM_009,2024-03-06,Healthy,8.2,9.4,0,9.3,Grade A
CF0385,CF0385.jpg,FARM_025,2024-02-11,Damaged,7.3,7.3,4,5.5,Grade B
CF0386,CF0386.jpg,FARM_030,2024-03-11,Healthy,9.9,9.6,0,9.8,Grade A
CF0387,CF0387.jpg,FARM_024,2024-02-06,Damaged,4.0,6.1,10,5.4,Grade C
CF0388,CF0388.jpg,FARM_035,2024-02-04,Healthy,9.7,8.2,0,9.3,Grade A
CF0389,CF0389.jpg,FARM_027,2024-03-18,Damaged,6.1,5.5,16,4.8,Grade C
CF0390,CF0390.jpg,FARM_038,2024-02-13,Damaged,7.7,6.8,6,6.7,Grade B
CF0391,CF0391.jpg,FARM_010,2024-03-21,Healthy,9.0,9.9,0,7.7,Grade A
CF0392,CF0392.jpg,FARM_027,2024-02-13,Damaged,6.9,7.2,8,7.1,Grade B
CF0393,CF0393.jpg,FARM_007,2024-01-27,Healthy,9.2,9.8,0,9.9,Grade A
CF0394,CF0394.jpg,FARM_032,2024-01-23,Healthy,8.1,8.8,0,7.6,Grade A
CF0395,CF0395.jpg,FARM_040,2024-03-25,Healthy,8.7,9.1,0,9.8,Grade A
CF0396,CF0396.jpg,FARM_027,2024-02-09,Healthy,9.7,8.3,0,7.7,Grade A
CF0397,CF0397.jpg,FARM_018,2024-02-10,Damaged,3.1,2.9,35,1.7,Grade C
CF0398,CF0398.jpg,FARM_003,2024-01-16,Healthy,9.8,9.9,0,8.5,Grade A
CF0399,CF0399.jpg,FARM_024,2024-03-17,Healthy,9.8,8.8,0,9.3,Grade A
CF0400,CF0400.jpg,FARM_014,2024-02-07,Damaged,6.9,6.2,5,7.4,Grade B
CF0401,CF0401.jpg,FARM_029,2024-02-08,Damaged,2.7,3.5,38,2.0,Grade C
CF0402,CF0402.jpg,FARM_029,2024-01-16,Healthy,8.0,8.2,0,8.7,Grade A
CF0403,CF0403.jpg,FARM_016,2024-01-22,Damaged,5.5,4.7,19,5.1,Grade C
CF0404,CF0404.jpg,FARM_024,2024-03-02,Healthy,9.4,9.4,0,8.7,Grade A
CF0405,CF0405.jpg,FARM_007,2024-02-21,Healthy,9.8,9.0,0,8.6,Grade A
CF0406,CF0406.jpg,FARM_024,2024-03-10,Healthy,8.4,8.6,0,7.6,Grade A
CF0407,CF0407.jpg,FARM_035,2024-01-22,Damaged,7.1,6.4,4,6.1,Grade B
CF0408,CF0408.jpg,FARM_023,2024-01-27,Healthy,9.5,8.7,1,8.1,Grade A
CF0409,CF0409.jpg,FARM_004,2024-01-10,Damaged,6.3,7.4,6,5.8,Grade B
CF0410,CF0410.jpg,FARM_026,2024-03-20,Healthy,8.9,9.0,0,9.2,Grade A
CF0411,CF0411.jpg,FARM_018,2024-01-30,Damaged,5.4,5.8,21,3.6,Grade C
CF0412,CF0412.jpg,FARM_013,2024-03-02,Damaged,6.5,6.5,8,5.8,Grade B
CF0413,CF0413.jpg,FARM_008,2024-03-10,Damaged,4.6,4.7,16,4.7,Grade C
CF0414,CF0414.jpg,FARM_030,2024-03-11,Healthy,9.3,8.8,0,9.3,Grade A
CF0415,CF0415.jpg,FARM_006,2024-02-04,Healthy,8.7,8.6,1,8.9,Grade A
CF0416,CF0416.jpg,FARM_014,2024-02-15,Healthy,8.0,8.2,0,8.5,Grade A
CF0417,CF0417.jpg,FARM_039,2024-02-20,Healthy,9.9,9.4,1,7.7,Grade A
CF0418,CF0418.jpg,FARM_002,2024-02-15,Damaged,5.9,5.6,11,4.9,Grade C
CF0419,CF0419.jpg,FARM_004,2024-01-17,Healthy,9.6,8.8,0,8.1,Grade A
CF0420,CF0420.jpg,FARM_022,2024-01-21,Damaged,2.9,3.0,48,2.5,Grade C
CF0421,CF0421.jpg,FARM_016,2024-03-23,Damaged,5.2,6.1,22,5.6,Grade C
CF0422,CF0422.jpg,FARM_009,2024-02-08,Healthy,9.8,9.6,0,9.9,Grade A
CF0423,CF0423.jpg,FARM_037,2024-03-18,Damaged,1.8,2.2,57,2.4,Grade C
CF0424,CF0424.jpg,FARM_014,2024-01-14,Healthy,9.7,9.0,1,9.4,Grade A
CF0425,CF0425.jpg,FARM_005,2024-02-01,Healthy,8.3,8.5,1,9.3,Grade A
CF0426,CF0426.jpg,FARM_036,2024-03-03,Healthy,8.3,8.7,1,8.2,Grade A
CF0427,CF0427.jpg,FARM_014,2024-02-01,Healthy,8.7,9.4,0,8.4,Grade A
CF0428,CF0428.jpg,FARM_038,2024-01-14,Healthy,9.1,8.2,0,9.5,Grade A
CF0429,CF0429.jpg,FARM_014,2024-02-29,Damaged,4.8,5.4,16,5.2,Grade C
CF0430,CF0430.jpg,FARM_015,2024-03-13,Damaged,6.4,7.6,3,6.7,Grade B
CF0431,CF0431.jpg,FARM_022,2024-02-02,Damaged,6.8,6.3,4,7.4,Grade B
CF0432,CF0432.jpg,FARM_010,2024-02-16,Healthy,9.5,8.4,0,8.3,Grade A
CF0433,CF0433.jpg,FARM_039,2024-01-14,Damaged,7.5,7.3,8,7.0,Grade B
CF0434,CF0434.jpg,FARM_001,2024-01-11,Damaged,2.7,3.4,53,2.1,Grade C
CF0435,CF0435.jpg,FARM_018,2024-02-17,Healthy,8.4,9.3,0,9.9,Grade A
CF0436,CF0436.jpg,FARM_010,2024-03-22,Healthy,8.6,8.9,0,9.2,Grade A
CF0437,CF0437.jpg,FARM_009,2024-01-23,Damaged,5.2,5.9,13,5.3,Grade C
CF0438,CF0438.jpg,FARM_035,2024-02-21,Healthy,8.1,10.0,0,9.4,Grade A
CF0439,CF0439.jpg,FARM_017,2024-02-15,Healthy,9.7,9.3,0,9.6,Grade A
CF0440,CF0440.jpg,FARM_012,2024-03-08,Healthy,8.2,8.7,0,9.7,Grade A
CF0441,CF0441.jpg,FARM_008,2024-03-19,Healthy,8.4,8.2,0,9.5,Grade A
CF0442,CF0442.jpg,FARM_002,2024-03-17,Damaged,5.8,4.4,10,5.5,Grade C
CF0443,CF0443.jpg,FARM_009,2024-03-13,Healthy,9.4,9.0,0,9.6,Grade A
CF0444,CF0444.jpg,FARM_001,2024-01-27,Healthy,8.8,8.4,1,8.2,Grade A
CF0445,CF0445.jpg,FARM_023,2024-03-14,Healthy,9.0,9.1,1,9.5,Grade A
CF0446,CF0446.jpg,FARM_016,2024-03-09,Healthy,9.6,9.2,0,9.5,Grade A
CF0447,CF0447.jpg,FARM_038,2024-02-13,Damaged,6.3,6.1,7,7.2,Grade B
CF0448,CF0448.jpg,FARM_021,2024-02-03,Damaged,4.2,4.5,10,5.1,Grade C
CF0449,CF0449.jpg,FARM_002,2024-01-24,Damaged,2.6,3.9,41,1.8,Grade C
CF0450,CF0450.jpg,FARM_012,2024-02-21,Healthy,8.0,8.6,0,8.9,Grade A
CF0451,CF0451.jpg,FARM_017,2024-01-30,Damaged,6.7,7.0,5,7.3,Grade B
CF0452,CF0452.jpg,FARM_004,2024-03-08,Healthy,9.8,8.5,1,8.7,Grade A
CF0453,CF0453.jpg,FARM_009,2024-02-11,Healthy,9.1,9.9,2,10.0,Grade A
CF0454,CF0454.jpg,FARM_027,2024-02-02,Healthy,8.5,9.5,0,8.4,Grade A
CF0455,CF0455.jpg,FARM_034,2024-01-11,Damaged,6.0,6.0,9,6.4,Grade B
CF0456,CF0456.jpg,FARM_008,2024-02-22,Damaged,2.8,1.6,33,2.9,Grade C
CF0457,CF0457.jpg,FARM_005,2024-02-16,Healthy,8.6,9.1,0,8.3,Grade A
CF0458,CF0458.jpg,FARM_031,2024-03-22,Healthy,8.3,8.8,1,8.1,Grade A
CF0459,CF0459.jpg,FARM_029,2024-02-03,Healthy,9.1,8.4,1,8.8,Grade A
CF0460,CF0460.jpg,FARM_024,2024-02-01,Healthy,8.3,9.3,1,9.4,Grade A
CF0461,CF0461.jpg,FARM_033,2024-03-01,Healthy,8.2,8.9,0,7.7,Grade A
CF0462,CF0462.jpg,FARM_038,2024-03-04,Damaged,7.1,6.5,4,6.6,Grade B
CF0463,CF0463.jpg,FARM_007,2024-03-15,Damaged,2.9,4.0,32,2.5,Grade C
CF0464,CF0464.jpg,FARM_029,2024-02-20,Healthy,9.2,8.8,0,9.9,Grade A
CF0465,CF0465.jpg,FARM_033,2024-01-21,Healthy,9.6,8.6,1,9.6,Grade A
CF0466,CF0466.jpg,FARM_015,2024-03-01,Healthy,8.9,9.7,0,9.6,Grade A
CF0467,CF0467.jpg,FARM_040,2024-01-22,Damaged,4.4,5.5,14,4.2,Grade C
CF0468,CF0468.jpg,FARM_003,2024-02-02,Damaged,4.7,4.7,11,5.2,Grade C
CF0469,CF0469.jpg,FARM_034,2024-01-27,Damaged,6.4,6.0,4,6.9,Grade B
CF0470,CF0470.jpg,FARM_020,2024-03-11,Healthy,8.3,8.2,0,8.1,Grade A
CF0471,CF0471.jpg,FARM_030,2024-02-20,Healthy,8.8,9.0,0,7.6,Grade A
CF0472,CF0472.jpg,FARM_002,2024-02-10,Healthy,9.9,9.4,0,8.3,Grade A
CF0473,CF0473.jpg,FARM_004,2024-01-10,Healthy,8.6,8.9,0,9.1,Grade A
CF0474,CF0474.jpg,FARM_031,2024-02-12,Healthy,8.3,8.4,0,9.6,Grade A
CF0475,CF0475.jpg,FARM_026,2024-02-28,Healthy,8.5,8.8,0,9.7,Grade A
CF0476,CF0476.jpg,FARM_028,2024-02-09,Healthy,9.3,8.7,0,9.2,Grade A
CF0477,CF0477.jpg,FARM_007,2024-03-07,Healthy,8.0,9.5,0,8.7,Grade A
CF0478,CF0478.jpg,FARM_032,2024-02-13,Damaged,7.5,7.7,3,7.4,Grade B
CF0479,CF0479.jpg,FARM_029,2024-02-21,Healthy,9.8,9.0,0,8.4,Grade A
CF0480,CF0480.jpg,FARM_005,2024-02-17,Healthy,8.9,9.4,0,9.7,Grade A
CF0481,CF0481.jpg,FARM_006,2024-03-24,Healthy,8.4,9.8,0,9.5,Grade A
CF0482,CF0482.jpg,FARM_021,2024-03-23,Healthy,10.0,9.8,2,8.2,Grade A
CF0483,CF0483.jpg,FARM_039,2024-01-11,Healthy,8.2,8.2,0,8.2,Grade A
CF0484,CF0484.jpg,FARM_010,2024-02-12,Healthy,9.2,9.6,0,9.7,Grade A
CF0485,CF0485.jpg,FARM_005,2024-02-25,Healthy,9.2,8.0,0,8.0,Grade A
CF0486,CF0486.jpg,FARM_009,2024-02-09,Damaged,6.2,6.7,4,6.5,Grade B
CF0487,CF0487.jpg,FARM_018,2024-01-17,Damaged,1.6,2.4,34,1.5,Grade C
CF0488,CF0488.jpg,FARM_040,2024-01-25,Damaged,5.4,5.0,19,4.6,Grade C
CF0489,CF0489.jpg,FARM_038,2024-03-09,Damaged,2.7,4.1,36,1.6,Grade C
CF0490,CF0490.jpg,FARM_036,2024-02-18,Damaged,6.9,7.3,4,6.6,Grade B
CF0491,CF0491.jpg,FARM_021,2024-01-30,Healthy,9.9,8.8,0,8.7,Grade A
CF0492,CF0492.jpg,FARM_025,2024-03-01,Healthy,8.2,9.2,1,8.2,Grade A
CF0493,CF0493.jpg,FARM_039,2024-03-14,Healthy,8.3,9.1,0,8.8,Grade A
CF0494,CF0494.jpg,FARM_034,2024-02-18,Damaged,6.1,7.3,4,6.7,Grade B
CF0495,CF0495.jpg,FARM_019,2024-01-25,Damaged,4.4,5.0,24,5.2,Grade C
CF0496,CF0496.jpg,FARM_030,2024-02-16,Healthy,9.1,8.8,1,8.3,Grade A
CF0497,CF0497.jpg,FARM_033,2024-02-26,Healthy,9.2,9.9,1,9.2,Grade A
CF0498,CF0498.jpg,FARM_039,2024-02-07,Healthy,8.1,8.9,0,9.7,Grade A
CF0499,CF0499.jpg,FARM_028,2024-02-07,Damaged,1.8,4.2,33,3.7,Grade C
CF0500,CF0500.jpg,FARM_007,2024-01-27,Healthy,8.2,9.9,0,8.4,Grade A
CF0501,CF0501.jpg,FARM_008,2024-03-11,Healthy,9.7,8.8,0,8.6,Grade A
CF0502,CF0502.jpg,FARM_036,2024-01-29,Damaged,7.1,7.4,5,5.6,Grade B
CF0503,CF0503.jpg,FARM_014,2024-03-08,Healthy,9.2,8.4,0,8.4,Grade A
CF0504,CF0504.jpg,FARM_028,2024-02-26,Healthy,8.7,8.9,0,8.3,Grade A
CF0505,CF0505.jpg,FARM_029,2024-03-03,Healthy,8.2,8.3,1,7.6,Grade A
CF0506,CF0506.jpg,FARM_015,2024-03-20,Damaged,2.8,4.1,28,1.3,Grade C
CF0507,CF0507.jpg,FARM_027,2024-03-10,Healthy,9.9,9.5,0,9.1,Grade A
CF0508,CF0508.jpg,FARM_022,2024-03-18,Healthy,9.3,9.7,0,7.8,Grade A
CF0509,CF0509.jpg,FARM_030,2024-02-06,Healthy,9.0,9.4,1,9.0,Grade A
CF0510,CF0510.jpg,FARM_026,2024-02-10,Healthy,9.7,8.1,0,9.2,Grade A
CF0511,CF0511.jpg,FARM_027,2024-01-20,Damaged,7.0,6.7,3,6.2,Grade B
CF0512,CF0512.jpg,FARM_007,2024-03-17,Healthy,9.2,9.8,0,8.7,Grade A
CF0513,CF0513.jpg,FARM_021,2024-03-07,Healthy,9.6,8.8,0,7.8,Grade A
CF0514,CF0514.jpg,FARM_028,2024-03-17,Damaged,1.7,1.6,57,2.1,Grade C
CF0515,CF0515.jpg,FARM_021,2024-02-25,Healthy,8.7,9.4,0,9.4,Grade A
CF0516,CF0516.jpg,FARM_017,2024-01-19,Damaged,6.1,6.4,8,6.0,Grade B
CF0517,CF0517.jpg,FARM_024,2024-03-22,Damaged,5.2,4.3,24,3.8,Grade C
CF0518,CF0518.jpg,FARM_010,2024-01-24,Damaged,4.0,3.7,56,1.5,Grade C
CF0519,CF0519.jpg,FARM_031,2024-01-17,Healthy,8.8,8.7,0,9.5,Grade A
CF0520,CF0520.jpg,FARM_005,2024-03-20,Healthy,9.0,8.3,1,9.3,Grade A
CF0521,CF0521.jpg,FARM_006,2024-03-14,Healthy,8.8,8.5,0,8.4,Grade A
CF0522,CF0522.jpg,FARM_006,2024-02-04,Damaged,6.9,6.6,3,6.0,Grade B
CF0523,CF0523.jpg,FARM_006,2024-03-23,Healthy,8.8,8.0,0,9.4,Grade A
CF0524,CF0524.jpg,FARM_028,2024-03-18,Healthy,8.3,8.1,0,9.1,Grade A
CF0525,CF0525.jpg,FARM_007,2024-01-29,Damaged,7.4,7.5,8,6.5,Grade B
CF0526,CF0526.jpg,FARM_024,2024-01-31,Healthy,8.4,9.5,1,9.2,Grade A
CF0527,CF0527.jpg,FARM_009,2024-02-20,Healthy,8.5,9.8,0,7.8,Grade A
CF0528,CF0528.jpg,FARM_036,2024-03-16,Damaged,6.2,5.9,23,5.1,Grade C
CF0529,CF0529.jpg,FARM_004,2024-03-06,Healthy,9.9,9.4,0,8.0,Grade A
CF0530,CF0530.jpg,FARM_038,2024-01-24,Healthy,8.9,8.1,0,8.5,Grade A
CF0531,CF0531.jpg,FARM_036,2024-02-05,Healthy,9.5,8.8,1,8.3,Grade A
CF0532,CF0532.jpg,FARM_036,2024-03-24,Damaged,7.1,7.6,6,5.6,Grade B
CF0533,CF0533.jpg,FARM_022,2024-03-12,Healthy,8.8,8.3,0,9.2,Grade A
CF0534,CF0534.jpg,FARM_008,2024-01-21,Damaged,4.2,5.5,14,4.2,Grade C
CF0535,CF0535.jpg,FARM_027,2024-03-15,Healthy,8.4,9.9,0,7.5,Grade A
CF0536,CF0536.jpg,FARM_023,2024-03-07,Damaged,6.8,6.0,6,6.5,Grade B
CF0537,CF0537.jpg,FARM_028,2024-01-17,Healthy,9.0,8.6,0,7.8,Grade A
CF0538,CF0538.jpg,FARM_004,2024-03-08,Healthy,8.8,9.3,0,9.5,Grade A
CF0539,CF0539.jpg,FARM_019,2024-01-26,Healthy,9.1,9.2,0,8.0,Grade A
CF0540,CF0540.jpg,FARM_039,2024-03-15,Healthy,8.6,8.3,0,8.1,Grade A
CF0541,CF0541.jpg,FARM_020,2024-03-03,Healthy,8.4,9.0,0,8.9,Grade A
CF0542,CF0542.jpg,FARM_023,2024-03-08,Healthy,9.9,8.4,0,9.1,Grade A
CF0543,CF0543.jpg,FARM_007,2024-03-22,Damaged,5.8,5.2,17,4.1,Grade C
CF0544,CF0544.jpg,FARM_037,2024-01-17,Damaged,4.6,4.1,14,4.2,Grade C
CF0545,CF0545.jpg,FARM_033,2024-03-21,Damaged,5.6,4.1,14,4.0,Grade C
CF0546,CF0546.jpg,FARM_014,2024-03-09,Damaged,3.4,3.6,50,2.3,Grade C
CF0547,CF0547.jpg,FARM_010,2024-02-18,Damaged,5.5,4.9,14,3.9,Grade C
CF0548,CF0548.jpg,FARM_031,2024-01-12,Damaged,2.6,3.1,51,3.7,Grade C
CF0549,CF0549.jpg,FARM_015,2024-02-29,Damaged,4.2,5.1,15,4.3,Grade C
CF0550,CF0550.jpg,FARM_007,2024-02-11,Healthy,9.0,8.0,0,8.3,Grade A
CF0551,CF0551.jpg,FARM_023,2024-01-10,Healthy,9.6,9.1,0,8.6,Grade A
CF0552,CF0552.jpg,FARM_036,2024-02-06,Healthy,8.6,8.6,0,8.5,Grade A
CF0553,CF0553.jpg,FARM_024,2024-03-24,Healthy,9.7,9.9,0,8.6,Grade A
CF0554,CF0554.jpg,FARM_008,2024-01-19,Damaged,6.7,7.5,3,6.4,Grade B
CF0555,CF0555.jpg,FARM_018,2024-01-15,Damaged,5.2,4.5,18,5.2,Grade C
CF0556,CF0556.jpg,FARM_037,2024-03-04,Healthy,9.1,9.6,1,9.5,Grade A
CF0557,CF0557.jpg,FARM_015,2024-02-23,Healthy,8.4,9.4,2,9.5,Grade A
CF0558,CF0558.jpg,FARM_028,2024-01-18,Damaged,2.4,2.0,49,1.0,Grade C
CF0559,CF0559.jpg,FARM_036,2024-03-19,Healthy,8.9,8.7,0,8.9,Grade A
CF0560,CF0560.jpg,FARM_040,2024-01-17,Healthy,8.4,9.7,0,8.1,Grade A
CF0561,CF0561.jpg,FARM_040,2024-01-18,Healthy,8.5,9.0,0,8.7,Grade A
CF0562,CF0562.jpg,FARM_036,2024-03-10,Healthy,8.4,8.5,0,7.9,Grade A
CF0563,CF0563.jpg,FARM_002,2024-01-14,Damaged,5.6,5.7,17,4.6,Grade C
CF0564,CF0564.jpg,FARM_039,2024-02-15,Healthy,9.4,9.5,0,7.8,Grade A
CF0565,CF0565.jpg,FARM_018,2024-03-02,Healthy,9.9,9.6,0,8.0,Grade A
CF0566,CF0566.jpg,FARM_002,2024-02-02,Healthy,8.4,8.3,1,7.8,Grade A
CF0567,CF0567.jpg,FARM_012,2024-01-27,Healthy,9.5,8.9,0,9.5,Grade A
CF0568,CF0568.jpg,FARM_018,2024-03-03,Healthy,9.5,9.2,0,9.2,Grade A
CF0569,CF0569.jpg,FARM_020,2024-02-26,Damaged,6.0,6.6,8,6.8,Grade B
CF0570,CF0570.jpg,FARM_022,2024-02-27,Healthy,8.0,8.1,0,9.6,Grade A
CF0571,CF0571.jpg,FARM_023,2024-03-07,Damaged,7.2,6.5,4,6.9,Grade B
CF0572,CF0572.jpg,FARM_001,2024-02-27,Damaged,7.4,6.6,3,5.6,Grade B
CF0573,CF0573.jpg,FARM_012,2024-02-27,Damaged,7.7,6.6,8,5.7,Grade B
CF0574,CF0574.jpg,FARM_010,2024-01-20,Damaged,5.1,5.7,10,4.0,Grade C
CF0575,CF0575.jpg,FARM_037,2024-03-19,Damaged,2.2,2.2,57,3.8,Grade C
CF0576,CF0576.jpg,FARM_026,2024-01-27,Healthy,8.4,9.2,0,9.8,Grade A
CF0577,CF0577.jpg,FARM_005,2024-02-23,Damaged,1.9,4.1,39,3.7,Grade C
CF0578,CF0578.jpg,FARM_010,2024-01-25,Healthy,9.8,8.4,0,9.1,Grade A
CF0579,CF0579.jpg,FARM_002,2024-02-01,Damaged,5.7,6.2,20,3.9,Grade C
CF0580,CF0580.jpg,FARM_006,2024-03-18,Healthy,9.5,8.7,0,7.9,Grade A
CF0581,CF0581.jpg,FARM_034,2024-02-29,Damaged,6.8,7.4,6,6.4,Grade B
CF0582,CF0582.jpg,FARM_014,2024-03-17,Healthy,9.1,10.0,0,8.5,Grade A
CF0583,CF0583.jpg,FARM_025,2024-01-26,Damaged,7.1,6.7,7,6.3,Grade B
CF0584,CF0584.jpg,FARM_027,2024-02-07,Healthy,9.4,9.9,0,8.9,Grade A
CF0585,CF0585.jpg,FARM_030,2024-01-10,Damaged,3.6,1.7,36,1.6,Grade C
CF0586,CF0586.jpg,FARM_022,2024-01-12,Damaged,2.9,1.6,34,1.7,Grade C
CF0587,CF0587.jpg,FARM_011,2024-02-17,Damaged,6.9,6.0,9,6.0,Grade B
CF0588,CF0588.jpg,FARM_024,2024-03-09,Damaged,6.9,7.0,7,7.4,Grade B
CF0589,CF0589.jpg,FARM_020,2024-03-19,Healthy,9.3,8.8,0,9.8,Grade A
CF0590,CF0590.jpg,FARM_021,2024-03-04,Healthy,9.6,8.4,0,7.8,Grade A
CF0591,CF0591.jpg,FARM_037,2024-03-18,Damaged,5.5,5.2,17,5.3,Grade C
CF0592,CF0592.jpg,FARM_039,2024-02-27,Damaged,7.3,7.1,9,7.5,Grade B
CF0593,CF0593.jpg,FARM_006,2024-02-08,Healthy,9.1,8.2,0,9.6,Grade A
CF0594,CF0594.jpg,FARM_004,2024-02-10,Healthy,8.5,9.6,0,9.9,Grade A
CF0595,CF0595.jpg,FARM_010,2024-03-08,Healthy,9.4,9.2,1,8.7,Grade A
CF0596,CF0596.jpg,FARM_011,2024-02-23,Healthy,8.7,8.7,0,9.1,Grade A
CF0597,CF0597.jpg,FARM_040,2024-01-29,Damaged,7.4,7.2,8,5.9,Grade B
CF0598,CF0598.jpg,FARM_004,2024-02-14,Damaged,2.8,3.6,50,2.3,Grade C
CF0599,CF0599.jpg,FARM_006,2024-02-03,Healthy,9.1,9.5,0,9.2,Grade A
CF0600,CF0600.jpg,FARM_018,2024-01-24,Healthy,8.8,9.8,0,7.9,Grade A
CF0601,CF0601.jpg,FARM_029,2024-01-14,Healthy,10.0,8.2,0,7.5,Grade A
CF0602,CF0602.jpg,FARM_028,2024-03-03,Healthy,9.8,8.5,0,9.3,Grade A
CF0603,CF0603.jpg,FARM_032,2024-01-12,Healthy,9.6,9.7,0,10.0,Grade A
CF0604,CF0604.jpg,FARM_039,2024-02-09,Healthy,8.6,9.4,0,7.8,Grade A
CF0605,CF0605.jpg,FARM_029,2024-02-05,Damaged,4.9,5.9,24,4.3,Grade C
CF0606,CF0606.jpg,FARM_027,2024-01-18,Healthy,9.2,9.0,0,9.1,Grade A
CF0607,CF0607.jpg,FARM_018,2024-01-22,Healthy,9.9,8.1,0,8.9,Grade A
CF0608,CF0608.jpg,FARM_014,2024-01-14,Healthy,9.7,9.0,0,7.7,Grade A
CF0609,CF0609.jpg,FARM_033,2024-03-07,Healthy,9.1,8.7,1,7.9,Grade A
CF0610,CF0610.jpg,FARM_008,2024-01-16,Damaged,3.8,2.9,39,3.6,Grade C
CF0611,CF0611.jpg,FARM_023,2024-02-10,Healthy,9.6,9.4,0,7.5,Grade A
CF0612,CF0612.jpg,FARM_028,2024-01-15,Healthy,8.9,8.4,0,9.8,Grade A
CF0613,CF0613.jpg,FARM_008,2024-03-01,Healthy,8.3,8.6,0,8.8,Grade A
CF0614,CF0614.jpg,FARM_019,2024-03-06,Healthy,8.5,8.4,0,9.0,Grade A
CF0615,CF0615.jpg,FARM_038,2024-02-08,Healthy,8.2,8.1,0,8.4,Grade A
CF0616,CF0616.jpg,FARM_032,2024-03-19,Healthy,9.4,9.1,0,8.6,Grade A
CF0617,CF0617.jpg,FARM_034,2024-02-06,Healthy,9.1,8.7,1,9.8,Grade A
CF0618,CF0618.jpg,FARM_020,2024-01-17,Damaged,1.6,3.3,43,3.5,Grade C
CF0619,CF0619.jpg,FARM_003,2024-01-27,Damaged,3.7,2.0,42,1.8,Grade C
CF0620,CF0620.jpg,FARM_015,2024-03-14,Damaged,5.6,4.2,10,5.4,Grade C
CF0621,CF0621.jpg,FARM_026,2024-02-16,Healthy,9.4,9.5,0,7.8,Grade A
CF0622,CF0622.jpg,FARM_039,2024-02-08,Damaged,5.6,5.5,18,5.4,Grade C
CF0623,CF0623.jpg,FARM_004,2024-03-23,Healthy,8.1,8.0,0,8.4,Grade A
CF0624,CF0624.jpg,FARM_001,2024-02-19,Damaged,4.3,5.2,19,5.6,Grade C
CF0625,CF0625.jpg,FARM_014,2024-03-23,Healthy,8.8,9.7,0,7.5,Grade A
CF0626,CF0626.jpg,FARM_020,2024-02-20,Healthy,8.3,8.1,1,8.3,Grade A
CF0627,CF0627.jpg,FARM_014,2024-02-09,Healthy,9.8,8.2,1,9.0,Grade A
CF0628,CF0628.jpg,FARM_009,2024-02-17,Damaged,6.8,7.7,9,5.7,Grade B
CF0629,CF0629.jpg,FARM_017,2024-01-28,Healthy,8.4,8.1,1,8.6,Grade A
CF0630,CF0630.jpg,FARM_019,2024-03-16,Damaged,6.5,7.6,4,6.7,Grade B
CF0631,CF0631.jpg,FARM_021,2024-02-07,Damaged,3.2,2.9,43,1.3,Grade C
CF0632,CF0632.jpg,FARM_008,2024-03-02,Damaged,6.8,7.8,9,7.2,Grade B
CF0633,CF0633.jpg,FARM_001,2024-02-17,Healthy,9.8,9.6,0,7.8,Grade A
CF0634,CF0634.jpg,FARM_032,2024-02-14,Healthy,8.5,8.0,1,8.3,Grade A
CF0635,CF0635.jpg,FARM_028,2024-01-17,Healthy,8.2,8.9,0,9.2,Grade A
CF0636,CF0636.jpg,FARM_012,2024-03-21,Healthy,9.7,9.5,1,9.8,Grade A
CF0637,CF0637.jpg,FARM_009,2024-03-25,Damaged,6.1,6.0,3,6.8,Grade B
CF0638,CF0638.jpg,FARM_025,2024-02-01,Healthy,8.6,8.5,1,8.3,Grade A
CF0639,CF0639.jpg,FARM_035,2024-03-04,Healthy,8.5,9.0,0,8.6,Grade A
CF0640,CF0640.jpg,FARM_015,2024-03-21,Damaged,6.9,7.2,8,6.3,Grade B
CF0641,CF0641.jpg,FARM_033,2024-03-13,Damaged,2.2,1.9,28,2.0,Grade C
CF0642,CF0642.jpg,FARM_036,2024-01-16,Healthy,9.5,9.5,0,9.2,Grade A
CF0643,CF0643.jpg,FARM_023,2024-02-23,Healthy,8.5,9.2,0,8.9,Grade A
CF0644,CF0644.jpg,FARM_005,2024-02-27,Healthy,9.0,9.1,0,8.7,Grade A
CF0645,CF0645.jpg,FARM_026,2024-03-17,Healthy,9.1,9.4,0,7.8,Grade A
CF0646,CF0646.jpg,FARM_003,2024-02-19,Damaged,5.6,4.3,23,3.7,Grade C
CF0647,CF0647.jpg,FARM_028,2024-03-03,Healthy,10.0,9.9,0,7.7,Grade A
CF0648,CF0648.jpg,FARM_002,2024-03-02,Healthy,8.9,8.4,1,8.7,Grade A
CF0649,CF0649.jpg,FARM_030,2024-01-29,Damaged,5.8,6.1,20,5.0,Grade C
CF0650,CF0650.jpg,FARM_005,2024-02-17,Healthy,8.7,9.2,0,8.3,Grade A
CF0651,CF0651.jpg,FARM_021,2024-02-27,Healthy,9.8,9.7,0,8.9,Grade A
CF0652,CF0652.jpg,FARM_037,2024-02-02,Damaged,6.6,6.5,3,5.6,Grade B
CF0653,CF0653.jpg,FARM_028,2024-03-18,Healthy,9.6,8.9,0,8.3,Grade A
CF0654,CF0654.jpg,FARM_037,2024-03-10,Healthy,8.9,9.6,0,7.8,Grade A
CF0655,CF0655.jpg,FARM_026,2024-02-09,Healthy,9.7,9.8,0,9.9,Grade A
CF0656,CF0656.jpg,FARM_027,2024-02-07,Damaged,4.9,4.5,22,4.4,Grade C
CF0657,CF0657.jpg,FARM_019,2024-02-17,Healthy,8.7,8.4,0,9.0,Grade A
CF0658,CF0658.jpg,FARM_008,2024-01-28,Healthy,9.0,9.7,0,7.6,Grade A
CF0659,CF0659.jpg,FARM_026,2024-03-09,Damaged,5.4,5.7,14,5.2,Grade C
CF0660,CF0660.jpg,FARM_002,2024-01-17,Damaged,7.6,7.3,8,7.4,Grade B
CF0661,CF0661.jpg,FARM_021,2024-03-21,Healthy,8.7,9.0,1,7.5,Grade A
CF0662,CF0662.jpg,FARM_011,2024-03-02,Damaged,6.0,6.4,9,5.7,Grade B
CF0663,CF0663.jpg,FARM_040,2024-03-03,Damaged,6.5,6.3,3,5.6,Grade B
CF0664,CF0664.jpg,FARM_030,2024-03-21,Damaged,7.6,6.0,3,7.0,Grade B
CF0665,CF0665.jpg,FARM_024,2024-03-17,Healthy,8.3,9.8,0,9.7,Grade A
CF0666,CF0666.jpg,FARM_006,2024-01-27,Damaged,7.2,7.2,6,5.5,Grade B
CF0667,CF0667.jpg,FARM_028,2024-02-28,Healthy,10.0,9.8,0,9.7,Grade A
CF0668,CF0668.jpg,FARM_007,2024-02-10,Healthy,9.3,8.7,0,9.7,Grade A
CF0669,CF0669.jpg,FARM_016,2024-02-11,Damaged,2.3,3.0,25,1.3,Grade C
CF0670,CF0670.jpg,FARM_028,2024-02-05,Damaged,4.0,1.9,30,1.6,Grade C
CF0671,CF0671.jpg,FARM_038,2024-02-21,Damaged,5.2,5.7,19,4.9,Grade C
CF0672,CF0672.jpg,FARM_026,2024-01-20,Healthy,8.5,8.0,0,9.4,Grade A
CF0673,CF0673.jpg,FARM_034,2024-03-07,Healthy,10.0,9.6,0,8.7,Grade A
CF0674,CF0674.jpg,FARM_006,2024-02-26,Healthy,9.8,8.8,0,8.8,Grade A
CF0675,CF0675.jpg,FARM_026,2024-01-21,Healthy,9.0,8.9,0,9.4,Grade A
CF0676,CF0676.jpg,FARM_020,2024-03-18,Healthy,9.1,8.6,0,8.1,Grade A
CF0677,CF0677.jpg,FARM_022,2024-02-03,Healthy,8.1,9.2,1,8.1,Grade A
CF0678,CF0678.jpg,FARM_015,2024-01-16,Damaged,1.9,3.3,39,2.9,Grade C
CF0679,CF0679.jpg,FARM_022,2024-02-13,Healthy,9.5,9.0,0,9.7,Grade A
CF0680,CF0680.jpg,FARM_011,2024-02-27,Damaged,6.1,5.8,15,5.0,Grade C
CF0681,CF0681.jpg,FARM_005,2024-01-15,Healthy,8.6,10.0,0,8.2,Grade A
CF0682,CF0682.jpg,FARM_033,2024-01-19,Damaged,2.0,2.7,36,1.2,Grade C
CF0683,CF0683.jpg,FARM_008,2024-02-03,Healthy,10.0,9.2,0,8.9,Grade A
CF0684,CF0684.jpg,FARM_034,2024-03-25,Healthy,9.3,9.0,0,7.6,Grade A
CF0685,CF0685.jpg,FARM_033,2024-03-21,Damaged,7.1,7.3,4,6.3,Grade B
CF0686,CF0686.jpg,FARM_013,2024-02-06,Damaged,7.4,6.4,9,5.9,Grade B
CF0687,CF0687.jpg,FARM_023,2024-03-11,Damaged,1.9,2.5,59,3.4,Grade C
CF0688,CF0688.jpg,FARM_023,2024-02-05,Healthy,9.7,8.8,0,9.0,Grade A
CF0689,CF0689.jpg,FARM_010,2024-02-21,Damaged,7.3,6.4,5,5.8,Grade B
CF0690,CF0690.jpg,FARM_016,2024-02-17,Damaged,4.1,3.2,35,3.7,Grade C
CF0691,CF0691.jpg,FARM_007,2024-01-11,Healthy,8.7,9.4,0,8.1,Grade A
CF0692,CF0692.jpg,FARM_010,2024-02-06,Healthy,8.5,9.0,0,8.3,Grade A
CF0693,CF0693.jpg,FARM_017,2024-02-03,Healthy,8.3,8.5,0,7.6,Grade A
CF0694,CF0694.jpg,FARM_013,2024-01-25,Healthy,9.4,9.0,0,7.7,Grade A
CF0695,CF0695.jpg,FARM_012,2024-03-11,Healthy,8.3,8.2,1,9.0,Grade A
CF0696,CF0696.jpg,FARM_039,2024-02-10,Damaged,6.2,7.4,6,5.5,Grade B
CF0697,CF0697.jpg,FARM_010,2024-02-05,Damaged,2.2,3.9,43,3.0,Grade C
CF0698,CF0698.jpg,FARM_005,2024-02-29,Healthy,8.1,9.6,1,8.7,Grade A
CF0699,CF0699.jpg,FARM_012,2024-02-09,Damaged,3.8,3.1,52,2.9,Grade C
CF0700,CF0700.jpg,FARM_032,2024-03-20,Healthy,10.0,8.5,0,9.1,Grade A
CF0701,CF0701.jpg,FARM_030,2024-02-20,Healthy,8.9,8.1,0,7.5,Grade A
CF0702,CF0702.jpg,FARM_037,2024-02-15,Damaged,4.3,5.4,22,4.8,Grade C
CF0703,CF0703.jpg,FARM_038,2024-02-27,Healthy,9.1,8.1,0,8.7,Grade A
CF0704,CF0704.jpg,FARM_029,2024-03-09,Healthy,9.8,8.8,0,9.1,Grade A
CF0705,CF0705.jpg,FARM_037,2024-03-18,Damaged,5.7,5.7,22,4.7,Grade C
CF0706,CF0706.jpg,FARM_040,2024-02-24,Damaged,7.5,6.7,5,7.3,Grade B
CF0707,CF0707.jpg,FARM_021,2024-02-18,Damaged,6.4,6.5,9,5.6,Grade B
CF0708,CF0708.jpg,FARM_021,2024-02-12,Damaged,5.8,4.9,17,4.0,Grade C
CF0709,CF0709.jpg,FARM_010,2024-02-25,Healthy,8.5,9.8,1,9.6,Grade A
CF0710,CF0710.jpg,FARM_029,2024-03-15,Healthy,9.1,9.2,0,8.7,Grade A
CF0711,CF0711.jpg,FARM_005,2024-03-13,Damaged,2.6,4.0,35,1.4,Grade C
CF0712,CF0712.jpg,FARM_031,2024-03-09,Damaged,4.9,4.8,24,4.6,Grade C
CF0713,CF0713.jpg,FARM_029,2024-01-22,Damaged,2.7,2.9,38,1.4,Grade C
CF0714,CF0714.jpg,FARM_020,2024-03-10,Damaged,6.9,6.4,5,5.9,Grade B
CF0715,CF0715.jpg,FARM_018,2024-02-19,Damaged,6.1,7.4,5,6.4,Grade B
CF0716,CF0716.jpg,FARM_038,2024-02-05,Damaged,7.1,7.3,9,6.9,Grade B
CF0717,CF0717.jpg,FARM_004,2024-02-26,Damaged,5.0,4.9,23,4.4,Grade C
CF0718,CF0718.jpg,FARM_023,2024-02-19,Damaged,7.2,6.9,6,7.2,Grade B
CF0719,CF0719.jpg,FARM_033,2024-03-02,Healthy,9.7,8.3,0,7.8,Grade A
CF0720,CF0720.jpg,FARM_005,2024-01-15,Damaged,7.1,6.5,6,5.5,Grade B
CF0721,CF0721.jpg,FARM_020,2024-03-22,Healthy,9.8,8.5,0,9.8,Grade A
CF0722,CF0722.jpg,FARM_030,2024-02-07,Healthy,9.4,9.5,0,8.0,Grade A
CF0723,CF0723.jpg,FARM_029,2024-01-28,Healthy,8.5,9.0,0,7.9,Grade A
CF0724,CF0724.jpg,FARM_003,2024-01-12,Damaged,6.5,6.6,4,5.8,Grade B
CF0725,CF0725.jpg,FARM_004,2024-02-12,Healthy,8.4,9.6,0,7.9,Grade A
CF0726,CF0726.jpg,FARM_024,2024-03-20,Damaged,4.1,5.4,13,5.7,Grade C
CF0727,CF0727.jpg,FARM_019,2024-03-24,Healthy,8.7,8.2,0,8.9,Grade A
CF0728,CF0728.jpg,FARM_005,2024-03-24,Damaged,7.6,7.4,9,6.7,Grade B
CF0729,CF0729.jpg,FARM_006,2024-03-03,Healthy,8.6,9.1,0,7.7,Grade A
CF0730,CF0730.jpg,FARM_040,2024-02-16,Damaged,7.2,7.3,4,7.4,Grade B
CF0731,CF0731.jpg,FARM_039,2024-01-29,Damaged,6.5,6.0,5,6.6,Grade B
CF0732,CF0732.jpg,FARM_033,2024-02-04,Healthy,9.4,9.6,1,8.0,Grade A
CF0733,CF0733.jpg,FARM_025,2024-02-21,Damaged,6.5,6.9,7,6.2,Grade B
CF0734,CF0734.jpg,FARM_030,2024-02-08,Healthy,9.7,8.9,0,9.5,Grade A
CF0735,CF0735.jpg,FARM_038,2024-02-27,Damaged,5.3,5.7,15,4.3,Grade C
CF0736,CF0736.jpg,FARM_036,2024-03-22,Healthy,9.7,8.5,1,8.9,Grade A
CF0737,CF0737.jpg,FARM_003,2024-02-10,Healthy,8.4,9.0,0,8.3,Grade A
CF0738,CF0738.jpg,FARM_029,2024-03-13,Healthy,8.5,9.9,0,7.9,Grade A
CF0739,CF0739.jpg,FARM_037,2024-03-20,Healthy,9.6,10.0,0,7.5,Grade A
CF0740,CF0740.jpg,FARM_013,2024-02-22,Healthy,9.4,8.5,0,7.6,Grade A
CF0741,CF0741.jpg,FARM_021,2024-02-11,Damaged,6.7,7.7,5,5.5,Grade B
CF0742,CF0742.jpg,FARM_039,2024-03-12,Healthy,9.2,9.0,0,9.7,Grade A
CF0743,CF0743.jpg,FARM_031,2024-03-12,Damaged,4.2,5.5,23,5.1,Grade C
CF0744,CF0744.jpg,FARM_033,2024-03-08,Healthy,9.3,9.9,0,9.6,Grade A
CF0745,CF0745.jpg,FARM_010,2024-01-31,Healthy,8.1,8.9,0,8.5,Grade A
CF0746,CF0746.jpg,FARM_004,2024-02-24,Healthy,8.6,8.9,1,8.5,Grade A
CF0747,CF0747.jpg,FARM_029,2024-01-31,Healthy,8.9,10.0,0,7.7,Grade A
CF0748,CF0748.jpg,FARM_007,2024-01-27,Damaged,7.7,6.9,9,6.7,Grade B
CF0749,CF0749.jpg,FARM_022,2024-03-19,Healthy,9.7,8.7,0,8.6,Grade A
CF0750,CF0750.jpg,FARM_006,2024-03-12,Healthy,8.8,8.7,0,9.8,Grade A
CF0751,CF0751.jpg,FARM_033,2024-02-02,Healthy,9.7,8.2,0,7.8,Grade A
CF0752,CF0752.jpg,FARM_012,2024-03-19,Healthy,8.9,8.2,0,9.0,Grade A
CF0753,CF0753.jpg,FARM_003,2024-01-17,Damaged,6.3,6.9,6,5.5,Grade B
CF0754,CF0754.jpg,FARM_016,2024-03-17,Damaged,4.7,5.5,22,4.6,Grade C
CF0755,CF0755.jpg,FARM_029,2024-01-14,Healthy,10.0,9.7,0,8.4,Grade A
CF0756,CF0756.jpg,FARM_029,2024-01-19,Healthy,8.1,9.7,0,9.8,Grade A
CF0757,CF0757.jpg,FARM_034,2024-01-16,Healthy,9.6,8.3,0,10.0,Grade A
CF0758,CF0758.jpg,FARM_034,2024-01-10,Healthy,8.5,9.4,0,9.8,Grade A
CF0759,CF0759.jpg,FARM_040,2024-03-02,Healthy,8.5,9.8,1,8.3,Grade A
CF0760,CF0760.jpg,FARM_011,2024-01-27,Damaged,7.8,6.5,7,7.4,Grade B
CF0761,CF0761.jpg,FARM_024,2024-02-08,Healthy,8.1,9.4,2,8.8,Grade A
CF0762,CF0762.jpg,FARM_024,2024-01-18,Healthy,9.0,8.4,0,9.3,Grade A
CF0763,CF0763.jpg,FARM_019,2024-01-29,Healthy,8.4,9.1,0,8.1,Grade A
CF0764,CF0764.jpg,FARM_025,2024-01-11,Healthy,9.9,8.1,0,8.0,Grade A
CF0765,CF0765.jpg,FARM_027,2024-02-06,Healthy,8.5,8.8,0,8.1,Grade A
CF0766,CF0766.jpg,FARM_022,2024-03-14,Healthy,9.0,9.7,0,9.3,Grade A
CF0767,CF0767.jpg,FARM_039,2024-03-08,Damaged,7.0,6.2,7,6.9,Grade B
CF0768,CF0768.jpg,FARM_004,2024-02-26,Damaged,6.3,7.4,9,6.0,Grade B
CF0769,CF0769.jpg,FARM_022,2024-01-17,Healthy,8.8,8.7,0,9.6,Grade A
CF0770,CF0770.jpg,FARM_005,2024-03-11,Healthy,8.3,9.1,0,7.9,Grade A
CF0771,CF0771.jpg,FARM_022,2024-03-12,Healthy,9.4,9.8,0,8.6,Grade A
CF0772,CF0772.jpg,FARM_007,2024-01-12,Healthy,9.0,9.9,0,8.8,Grade A
CF0773,CF0773.jpg,FARM_036,2024-01-10,Healthy,9.0,9.2,1,9.2,Grade A
CF0774,CF0774.jpg,FARM_025,2024-03-18,Healthy,8.2,9.6,0,8.6,Grade A
CF0775,CF0775.jpg,FARM_019,2024-03-20,Damaged,1.7,3.6,26,2.1,Grade C
CF0776,CF0776.jpg,FARM_017,2024-03-02,Damaged,6.2,7.1,5,7.3,Grade B
CF0777,CF0777.jpg,FARM_039,2024-01-11,Healthy,9.8,9.9,0,9.7,Grade A
CF0778,CF0778.jpg,FARM_010,2024-01-12,Healthy,8.0,8.8,0,9.5,Grade A
CF0779,CF0779.jpg,FARM_022,2024-03-17,Damaged,6.7,7.1,4,6.7,Grade B
CF0780,CF0780.jpg,FARM_006,2024-02-14,Healthy,8.7,9.8,0,8.8,Grade A
CF0781,CF0781.jpg,FARM_038,2024-03-18,Healthy,8.9,10.0,1,8.7,Grade A
CF0782,CF0782.jpg,FARM_010,2024-02-15,Healthy,8.4,9.0,0,9.5,Grade A
CF0783,CF0783.jpg,FARM_023,2024-01-12,Healthy,9.6,9.6,0,9.3,Grade A
CF0784,CF0784.jpg,FARM_020,2024-03-14,Damaged,2.2,3.8,44,3.5,Grade C
CF0785,CF0785.jpg,FARM_026,2024-03-05,Healthy,8.4,8.3,1,9.9,Grade A
CF0786,CF0786.jpg,FARM_009,2024-02-01,Healthy,9.7,9.8,0,9.7,Grade A
CF0787,CF0787.jpg,FARM_039,2024-01-23,Healthy,9.1,9.3,0,8.9,Grade A
CF0788,CF0788.jpg,FARM_006,2024-01-22,Healthy,8.1,9.5,0,8.8,Grade A
CF0789,CF0789.jpg,FARM_020,2024-03-17,Healthy,9.3,9.0,0,8.7,Grade A
CF0790,CF0790.jpg,FARM_036,2024-01-29,Healthy,8.3,8.6,0,7.9,Grade A
CF0791,CF0791.jpg,FARM_025,2024-02-09,Healthy,8.4,9.9,0,7.9,Grade A
CF0792,CF0792.jpg,FARM_022,2024-02-03,Healthy,8.5,9.2,0,9.0,Grade A
CF0793,CF0793.jpg,FARM_009,2024-03-17,Healthy,8.3,9.6,1,9.5,Grade A
CF0794,CF0794.jpg,FARM_034,2024-02-11,Damaged,2.1,2.3,46,3.6,Grade C
CF0795,CF0795.jpg,FARM_006,2024-02-24,Damaged,3.7,3.4,38,1.2,Grade C
CF0796,CF0796.jpg,FARM_028,2024-02-13,Healthy,8.8,9.1,0,8.0,Grade A
CF0797,CF0797.jpg,FARM_033,2024-02-29,Healthy,8.9,9.2,0,8.3,Grade A
CF0798,CF0798.jpg,FARM_024,2024-01-20,Healthy,9.6,9.7,0,8.3,Grade A
CF0799,CF0799.jpg,FARM_002,2024-02-26,Healthy,9.7,8.2,0,9.6,Grade A
CF0800,CF0800.jpg,FARM_024,2024-03-01,Damaged,4.3,4.2,18,5.0,Grade C
CF0801,CF0801.jpg,FARM_020,2024-03-08,Damaged,5.0,6.0,18,4.3,Grade C
CF0802,CF0802.jpg,FARM_012,2024-03-22,Healthy,8.6,9.0,0,8.6,Grade A
CF0803,CF0803.jpg,FARM_014,2024-02-10,Healthy,8.7,9.4,0,9.4,Grade A
CF0804,CF0804.jpg,FARM_022,2024-02-07,Healthy,9.7,9.9,1,8.2,Grade A
CF0805,CF0805.jpg,FARM_032,2024-02-17,Damaged,3.4,2.6,42,2.9,Grade C
CF0806,CF0806.jpg,FARM_013,2024-01-20,Healthy,9.0,10.0,1,9.3,Grade A
CF0807,CF0807.jpg,FARM_015,2024-01-14,Damaged,7.7,7.5,4,7.3,Grade B
CF0808,CF0808.jpg,FARM_009,2024-01-21,Damaged,5.8,5.0,11,4.1,Grade C
CF0809,CF0809.jpg,FARM_010,2024-03-01,Healthy,8.7,8.0,0,8.8,Grade A
CF0810,CF0810.jpg,FARM_005,2024-02-27,Healthy,9.0,9.1,1,9.9,Grade A
CF0811,CF0811.jpg,FARM_019,2024-02-27,Healthy,9.8,8.3,1,8.4,Grade A
CF0812,CF0812.jpg,FARM_007,2024-03-20,Healthy,8.8,8.7,1,9.5,Grade A
CF0813,CF0813.jpg,FARM_033,2024-03-10,Healthy,9.0,9.1,0,9.6,Grade A
CF0814,CF0814.jpg,FARM_035,2024-01-17,Healthy,9.6,8.3,1,9.3,Grade A
CF0815,CF0815.jpg,FARM_034,2024-01-11,Healthy,8.9,8.6,0,7.6,Grade A
CF0816,CF0816.jpg,FARM_003,2024-01-31,Healthy,9.0,8.7,0,8.1,Grade A
CF0817,CF0817.jpg,FARM_022,2024-01-20,Healthy,9.4,9.5,2,8.1,Grade A
CF0818,CF0818.jpg,FARM_040,2024-03-13,Damaged,4.1,5.9,21,3.5,Grade C
CF0819,CF0819.jpg,FARM_009,2024-03-05,Damaged,6.1,5.4,18,4.2,Grade C
CF0820,CF0820.jpg,FARM_039,2024-02-21,Healthy,8.5,8.0,0,8.1,Grade A
CF0821,CF0821.jpg,FARM_025,2024-03-22,Damaged,4.3,5.3,22,3.9,Grade C
CF0822,CF0822.jpg,FARM_010,2024-01-22,Healthy,9.1,9.2,0,8.2,Grade A
CF0823,CF0823.jpg,FARM_011,2024-03-17,Healthy,8.1,8.1,0,7.6,Grade A
CF0824,CF0824.jpg,FARM_012,2024-01-15,Healthy,9.5,8.6,0,9.5,Grade A
CF0825,CF0825.jpg,FARM_040,2024-02-08,Damaged,6.8,6.8,7,6.5,Grade B
CF0826,CF0826.jpg,FARM_011,2024-02-06,Damaged,5.6,4.6,19,3.8,Grade C
CF0827,CF0827.jpg,FARM_029,2024-03-22,Healthy,9.1,8.7,0,8.6,Grade A
CF0828,CF0828.jpg,FARM_003,2024-03-10,Healthy,9.3,9.0,0,9.1,Grade A
CF0829,CF0829.jpg,FARM_027,2024-02-13,Damaged,5.2,5.6,16,5.1,Grade C
CF0830,CF0830.jpg,FARM_024,2024-01-15,Damaged,5.2,5.5,13,5.5,Grade C
CF0831,CF0831.jpg,FARM_016,2024-01-19,Healthy,8.9,8.8,0,9.4,Grade A
CF0832,CF0832.jpg,FARM_029,2024-02-14,Damaged,7.0,6.1,7,7.3,Grade B
CF0833,CF0833.jpg,FARM_040,2024-03-19,Healthy,8.1,9.5,1,9.4,Grade A
CF0834,CF0834.jpg,FARM_019,2024-03-22,Damaged,7.7,6.1,9,6.7,Grade B
CF0835,CF0835.jpg,FARM_029,2024-01-14,Healthy,8.9,8.7,0,7.7,Grade A
CF0836,CF0836.jpg,FARM_015,2024-02-01,Damaged,5.2,5.1,14,3.7,Grade C
CF0837,CF0837.jpg,FARM_035,2024-02-19,Damaged,7.1,7.3,8,7.0,Grade B
CF0838,CF0838.jpg,FARM_016,2024-01-12,Damaged,6.0,4.9,11,5.7,Grade C
CF0839,CF0839.jpg,FARM_020,2024-02-05,Healthy,9.7,8.6,0,7.9,Grade A
CF0840,CF0840.jpg,FARM_031,2024-03-25,Healthy,8.9,8.8,0,8.9,Grade A
CF0841,CF0841.jpg,FARM_013,2024-01-28,Damaged,3.1,3.5,42,2.4,Grade C
CF0842,CF0842.jpg,FARM_024,2024-02-29,Healthy,8.2,9.7,0,8.3,Grade A
CF0843,CF0843.jpg,FARM_037,2024-01-19,Healthy,9.9,8.2,2,9.9,Grade A
CF0844,CF0844.jpg,FARM_029,2024-02-17,Damaged,6.2,6.4,5,5.6,Grade B
CF0845,CF0845.jpg,FARM_030,2024-01-30,Damaged,5.6,5.9,24,4.5,Grade C
CF0846,CF0846.jpg,FARM_019,2024-03-22,Healthy,9.9,9.2,0,9.1,Grade A
CF0847,CF0847.jpg,FARM_025,2024-02-09,Healthy,9.7,8.6,0,8.4,Grade A
CF0848,CF0848.jpg,FARM_033,2024-03-22,Damaged,7.6,7.6,3,7.5,Grade B
CF0849,CF0849.jpg,FARM_034,2024-02-28,Healthy,9.8,8.3,0,9.6,Grade A
CF0850,CF0850.jpg,FARM_027,2024-03-19,Damaged,2.6,4.2,39,2.3,Grade C
CF0851,CF0851.jpg,FARM_011,2024-02-21,Damaged,5.2,5.2,22,4.2,Grade C
CF0852,CF0852.jpg,FARM_013,2024-02-28,Healthy,8.2,9.8,0,9.5,Grade A
CF0853,CF0853.jpg,FARM_039,2024-01-27,Damaged,1.9,3.6,38,2.8,Grade C
CF0854,CF0854.jpg,FARM_009,2024-01-20,Healthy,8.8,8.5,0,9.6,Grade A
CF0855,CF0855.jpg,FARM_017,2024-03-14,Damaged,7.3,7.0,9,6.7,Grade B
CF0856,CF0856.jpg,FARM_004,2024-02-23,Damaged,4.2,5.0,24,3.9,Grade C
CF0857,CF0857.jpg,FARM_031,2024-01-16,Healthy,8.4,9.3,0,9.8,Grade A
CF0858,CF0858.jpg,FARM_024,2024-01-22,Damaged,6.7,6.4,8,6.8,Grade B
CF0859,CF0859.jpg,FARM_036,2024-03-05,Healthy,9.7,9.5,0,9.7,Grade A
CF0860,CF0860.jpg,FARM_007,2024-02-08,Damaged,5.2,5.7,11,3.8,Grade C
CF0861,CF0861.jpg,FARM_034,2024-01-19,Healthy,8.7,8.8,2,8.8,Grade A
CF0862,CF0862.jpg,FARM_008,2024-02-22,Healthy,9.9,9.7,1,7.8,Grade A
CF0863,CF0863.jpg,FARM_019,2024-02-29,Damaged,4.4,4.8,22,4.2,Grade C
CF0864,CF0864.jpg,FARM_006,2024-02-20,Healthy,9.2,9.8,0,9.9,Grade A
CF0865,CF0865.jpg,FARM_011,2024-01-13,Healthy,9.3,9.7,0,8.8,Grade A
CF0866,CF0866.jpg,FARM_018,2024-02-13,Healthy,8.4,9.0,1,8.9,Grade A
CF0867,CF0867.jpg,FARM_029,2024-03-07,Damaged,3.5,2.1,33,2.0,Grade C
CF0868,CF0868.jpg,FARM_033,2024-03-12,Healthy,8.7,9.9,0,8.6,Grade A
CF0869,CF0869.jpg,FARM_010,2024-02-08,Healthy,9.5,9.5,1,8.2,Grade A
CF0870,CF0870.jpg,FARM_028,2024-02-24,Damaged,5.3,6.0,23,4.6,Grade C
CF0871,CF0871.jpg,FARM_006,2024-03-20,Damaged,6.1,4.5,17,3.7,Grade C
CF0872,CF0872.jpg,FARM_015,2024-02-27,Healthy,9.8,9.7,0,10.0,Grade A
CF0873,CF0873.jpg,FARM_029,2024-03-05,Healthy,9.4,9.9,0,9.6,Grade A
CF0874,CF0874.jpg,FARM_023,2024-02-02,Damaged,5.9,5.3,11,4.4,Grade C
CF0875,CF0875.jpg,FARM_002,2024-03-24,Healthy,9.9,8.9,0,8.8,Grade A
CF0876,CF0876.jpg,FARM_027,2024-02-27,Healthy,8.9,9.1,1,8.7,Grade A
CF0877,CF0877.jpg,FARM_004,2024-01-20,Healthy,8.1,9.8,0,8.6,Grade A
CF0878,CF0878.jpg,FARM_026,2024-02-16,Healthy,9.2,8.3,0,7.5,Grade A
CF0879,CF0879.jpg,FARM_033,2024-02-10,Healthy,8.5,9.4,0,7.7,Grade A
CF0880,CF0880.jpg,FARM_024,2024-01-19,Healthy,9.8,8.4,0,8.0,Grade A
CF0881,CF0881.jpg,FARM_016,2024-01-20,Damaged,4.4,4.0,20,5.3,Grade C
CF0882,CF0882.jpg,FARM_025,2024-02-13,Healthy,9.8,9.2,0,8.0,Grade A
CF0883,CF0883.jpg,FARM_006,2024-01-29,Healthy,8.6,9.0,0,9.9,Grade A
CF0884,CF0884.jpg,FARM_024,2024-02-27,Damaged,6.4,7.3,9,6.4,Grade B
CF0885,CF0885.jpg,FARM_015,2024-01-29,Damaged,4.7,5.0,15,3.7,Grade C
CF0886,CF0886.jpg,FARM_002,2024-02-28,Damaged,7.4,6.4,4,7.0,Grade B
CF0887,CF0887.jpg,FARM_021,2024-02-19,Damaged,4.2,6.1,14,3.9,Grade C
CF0888,CF0888.jpg,FARM_007,2024-02-25,Healthy,9.8,9.6,1,9.9,Grade A
CF0889,CF0889.jpg,FARM_022,2024-01-23,Healthy,9.0,9.5,0,8.4,Grade A
CF0890,CF0890.jpg,FARM_010,2024-01-21,Damaged,2.0,2.7,31,1.5,Grade C
CF0891,CF0891.jpg,FARM_009,2024-01-10,Healthy,10.0,8.2,0,9.0,Grade A
CF0892,CF0892.jpg,FARM_003,2024-02-18,Healthy,9.3,9.1,0,9.2,Grade A
CF0893,CF0893.jpg,FARM_019,2024-03-06,Healthy,8.2,9.1,0,8.2,Grade A
CF0894,CF0894.jpg,FARM_031,2024-02-25,Damaged,6.1,5.7,12,5.7,Grade B
CF0895,CF0895.jpg,FARM_009,2024-02-13,Healthy,8.1,8.6,0,8.0,Grade A
CF0896,CF0896.jpg,FARM_031,2024-01-23,Damaged,1.5,2.2,47,2.9,Grade C
CF0897,CF0897.jpg,FARM_029,2024-01-26,Damaged,6.4,6.9,7,7.3,Grade B
CF0898,CF0898.jpg,FARM_040,2024-01-21,Healthy,9.4,8.8,0,8.4,Grade A
CF0899,CF0899.jpg,FARM_001,2024-02-02,Damaged,6.8,6.3,6,6.8,Grade B
CF0900,CF0900.jpg,FARM_006,2024-03-05,Damaged,4.8,5.9,20,5.2,Grade C
CF0901,CF0901.jpg,FARM_002,2024-03-07,Damaged,7.1,6.7,3,5.9,Grade B
CF0902,CF0902.jpg,FARM_017,2024-03-21,Healthy,9.6,9.0,0,8.1,Grade A
CF0903,CF0903.jpg,FARM_014,2024-03-21,Healthy,8.4,8.3,0,9.4,Grade A
CF0904,CF0904.jpg,FARM_010,2024-03-15,Healthy,8.5,9.1,0,8.6,Grade A
CF0905,CF0905.jpg,FARM_036,2024-03-02,Healthy,9.2,9.8,0,9.7,Grade A
CF0906,CF0906.jpg,FARM_039,2024-01-23,Healthy,8.9,8.0,2,8.6,Grade A
CF0907,CF0907.jpg,FARM_034,2024-01-13,Healthy,9.2,9.1,0,9.1,Grade A
CF0908,CF0908.jpg,FARM_028,2024-01-21,Healthy,8.3,9.3,1,8.0,Grade A
CF0909,CF0909.jpg,FARM_008,2024-02-24,Healthy,9.5,8.7,0,9.3,Grade A
CF0910,CF0910.jpg,FARM_019,2024-03-20,Healthy,8.1,8.8,0,9.3,Grade A
CF0911,CF0911.jpg,FARM_016,2024-01-21,Healthy,8.5,9.6,0,9.1,Grade A
CF0912,CF0912.jpg,FARM_020,2024-02-20,Healthy,9.2,8.7,0,8.7,Grade A
CF0913,CF0913.jpg,FARM_008,2024-02-28,Healthy,9.2,8.9,0,9.2,Grade A
CF0914,CF0914.jpg,FARM_004,2024-01-11,Damaged,2.7,2.0,41,1.6,Grade C
CF0915,CF0915.jpg,FARM_016,2024-02-16,Healthy,8.0,8.6,0,9.4,Grade A
CF0916,CF0916.jpg,FARM_027,2024-03-02,Damaged,5.7,4.4,20,5.7,Grade C
CF0917,CF0917.jpg,FARM_040,2024-02-28,Healthy,9.0,9.8,1,9.3,Grade A
CF0918,CF0918.jpg,FARM_030,2024-01-20,Healthy,9.4,8.2,1,8.0,Grade A
CF0919,CF0919.jpg,FARM_005,2024-03-21,Healthy,8.0,9.4,0,8.4,Grade A
CF0920,CF0920.jpg,FARM_008,2024-02-10,Damaged,7.4,6.6,3,7.1,Grade B
CF0921,CF0921.jpg,FARM_032,2024-03-23,Damaged,1.9,2.0,43,2.0,Grade C
CF0922,CF0922.jpg,FARM_039,2024-03-16,Healthy,8.8,8.7,0,9.4,Grade A
CF0923,CF0923.jpg,FARM_035,2024-01-31,Healthy,8.2,8.7,0,9.6,Grade A
CF0924,CF0924.jpg,FARM_002,2024-02-27,Damaged,6.1,7.7,4,7.5,Grade B
CF0925,CF0925.jpg,FARM_033,2024-01-31,Damaged,6.2,6.5,6,6.2,Grade B
CF0926,CF0926.jpg,FARM_037,2024-01-27,Healthy,9.6,9.2,0,9.1,Grade A
CF0927,CF0927.jpg,FARM_016,2024-02-13,Damaged,5.7,4.3,13,5.4,Grade C
CF0928,CF0928.jpg,FARM_010,2024-02-17,Damaged,7.3,7.0,5,7.3,Grade B
CF0929,CF0929.jpg,FARM_019,2024-02-13,Healthy,9.4,8.4,0,8.6,Grade A
CF0930,CF0930.jpg,FARM_028,2024-03-13,Healthy,9.0,8.1,1,9.9,Grade A
CF0931,CF0931.jpg,FARM_001,2024-01-28,Damaged,4.3,5.5,15,4.7,Grade C
CF0932,CF0932.jpg,FARM_040,2024-01-18,Healthy,8.1,9.8,0,9.6,Grade A
CF0933,CF0933.jpg,FARM_023,2024-01-31,Damaged,5.2,4.5,10,3.8,Grade C
CF0934,CF0934.jpg,FARM_016,2024-03-05,Healthy,8.7,8.5,0,8.8,Grade A
CF0935,CF0935.jpg,FARM_037,2024-02-14,Healthy,9.9,9.1,0,9.7,Grade A
CF0936,CF0936.jpg,FARM_027,2024-03-03,Healthy,9.3,9.0,1,9.6,Grade A
CF0937,CF0937.jpg,FARM_012,2024-02-17,Healthy,8.9,9.7,0,8.2,Grade A
CF0938,CF0938.jpg,FARM_006,2024-03-11,Healthy,8.3,9.7,0,9.0,Grade A
CF0939,CF0939.jpg,FARM_034,2024-01-19,Damaged,6.0,6.1,12,3.6,Grade C
CF0940,CF0940.jpg,FARM_024,2024-02-25,Healthy,9.0,8.7,0,9.1,Grade A
CF0941,CF0941.jpg,FARM_005,2024-02-11,Healthy,9.6,8.6,0,8.9,Grade A
CF0942,CF0942.jpg,FARM_034,2024-02-10,Healthy,9.4,8.3,0,9.5,Grade A
CF0943,CF0943.jpg,FARM_035,2024-03-13,Damaged,7.1,7.7,7,6.2,Grade B
CF0944,CF0944.jpg,FARM_033,2024-02-04,Healthy,8.2,9.0,0,7.7,Grade A
CF0945,CF0945.jpg,FARM_033,2024-03-08,Damaged,7.7,6.1,9,7.0,Grade B
CF0946,CF0946.jpg,FARM_036,2024-01-23,Healthy,9.1,8.7,0,7.7,Grade A
CF0947,CF0947.jpg,FARM_002,2024-01-27,Healthy,9.2,9.2,0,8.2,Grade A
CF0948,CF0948.jpg,FARM_025,2024-02-17,Healthy,9.8,8.6,0,8.6,Grade A
CF0949,CF0949.jpg,FARM_031,2024-01-10,Damaged,7.0,6.2,7,7.4,Grade B
CF0950,CF0950.jpg,FARM_003,2024-02-29,Healthy,8.7,8.2,0,8.5,Grade A
CF0951,CF0951.jpg,FARM_025,2024-02-21,Healthy,9.2,9.0,0,9.2,Grade A
CF0952,CF0952.jpg,FARM_024,2024-02-27,Healthy,8.1,8.6,2,9.5,Grade A
CF0953,CF0953.jpg,FARM_017,2024-02-21,Damaged,6.1,7.5,3,5.7,Grade B
CF0954,CF0954.jpg,FARM_002,2024-03-06,Damaged,3.8,2.5,51,2.7,Grade C
CF0955,CF0955.jpg,FARM_023,2024-02-21,Healthy,8.3,8.1,0,8.0,Grade A
CF0956,CF0956.jpg,FARM_005,2024-03-05,Damaged,4.3,4.7,16,4.7,Grade C
CF0957,CF0957.jpg,FARM_023,2024-01-27,Healthy,9.2,9.6,0,9.1,Grade A
CF0958,CF0958.jpg,FARM_016,2024-02-17,Damaged,7.1,6.7,9,6.4,Grade B
CF0959,CF0959.jpg,FARM_007,2024-02-20,Damaged,2.6,3.8,39,1.6,Grade C
CF0960,CF0960.jpg,FARM_038,2024-02-04,Healthy,8.0,9.3,0,8.0,Grade A
CF0961,CF0961.jpg,FARM_022,2024-03-11,Healthy,9.8,9.7,1,7.7,Grade A
CF0962,CF0962.jpg,FARM_009,2024-02-19,Damaged,6.2,6.9,6,6.7,Grade B
CF0963,CF0963.jpg,FARM_003,2024-02-01,Healthy,8.5,9.4,2,9.0,Grade A
CF0964,CF0964.jpg,FARM_023,2024-02-29,Healthy,8.6,8.1,0,9.4,Grade A
CF0965,CF0965.jpg,FARM_035,2024-02-19,Damaged,6.4,7.5,4,6.3,Grade B
CF0966,CF0966.jpg,FARM_022,2024-02-16,Healthy,9.2,9.7,0,9.7,Grade A
CF0967,CF0967.jpg,FARM_012,2024-03-12,Healthy,8.7,8.4,0,9.4,Grade A
CF0968,CF0968.jpg,FARM_030,2024-03-23,Healthy,8.9,8.4,1,9.8,Grade A
CF0969,CF0969.jpg,FARM_031,2024-02-10,Damaged,6.4,6.0,9,5.5,Grade B
CF0970,CF0970.jpg,FARM_012,2024-02-20,Healthy,9.2,9.3,0,8.3,Grade A
CF0971,CF0971.jpg,FARM_009,2024-02-27,Healthy,8.6,8.7,1,9.2,Grade A
CF0972,CF0972.jpg,FARM_005,2024-02-14,Damaged,6.1,7.7,8,5.9,Grade B
CF0973,CF0973.jpg,FARM_030,2024-02-29,Damaged,6.2,4.4,19,5.3,Grade C
CF0974,CF0974.jpg,FARM_003,2024-02-25,Damaged,6.4,6.1,7,7.2,Grade B
CF0975,CF0975.jpg,FARM_019,2024-01-24,Damaged,3.8,2.6,31,3.0,Grade C
CF0976,CF0976.jpg,FARM_013,2024-03-22,Damaged,3.0,3.8,37,1.9,Grade C
CF0977,CF0977.jpg,FARM_003,2024-02-04,Healthy,9.0,9.0,0,8.4,Grade A
CF0978,CF0978.jpg,FARM_013,2024-03-25,Damaged,6.0,4.4,17,3.8,Grade C
CF0979,CF0979.jpg,FARM_003,2024-03-19,Damaged,5.3,5.4,22,3.9,Grade C
CF0980,CF0980.jpg,FARM_021,2024-02-02,Healthy,8.8,9.9,0,8.1,Grade A
CF0981,CF0981.jpg,FARM_020,2024-03-20,Healthy,9.3,9.5,1,8.6,Grade A
CF0982,CF0982.jpg,FARM_033,2024-01-13,Healthy,9.9,9.5,0,8.6,Grade A
CF0983,CF0983.jpg,FARM_026,2024-03-09,Damaged,7.0,7.2,3,6.7,Grade B
CF0984,CF0984.jpg,FARM_035,2024-02-05,Healthy,9.8,8.7,0,8.2,Grade A
CF0985,CF0985.jpg,FARM_031,2024-03-06,Damaged,6.4,6.1,4,5.6,Grade B
CF0986,CF0986.jpg,FARM_017,2024-02-16,Damaged,5.9,5.5,19,5.0,Grade C
CF0987,CF0987.jpg,FARM_003,2024-01-18,Damaged,3.2,3.8,47,2.3,Grade C
CF0988,CF0988.jpg,FARM_013,2024-03-02,Damaged,3.9,2.5,26,3.6,Grade C
CF0989,CF0989.jpg,FARM_019,2024-03-13,Healthy,9.4,8.5,0,8.9,Grade A
CF0990,CF0990.jpg,FARM_023,2024-01-27,Healthy,9.1,8.3,0,9.0,Grade A
CF0991,CF0991.jpg,FARM_004,2024-02-17,Healthy,8.6,8.1,0,9.9,Grade A
CF0992,CF0992.jpg,FARM_022,2024-02-09,Healthy,9.3,9.8,1,9.2,Grade A
CF0993,CF0993.jpg,FARM_018,2024-02-11,Healthy,8.7,9.0,0,9.2,Grade A
CF0994,CF0994.jpg,FARM_008,2024-01-29,Healthy,9.9,8.5,1,9.7,Grade A
CF0995,CF0995.jpg,FARM_024,2024-03-04,Healthy,9.8,9.3,1,9.8,Grade A
CF0996,CF0996.jpg,FARM_028,2024-02-27,Healthy,8.8,9.9,0,9.3,Grade A
CF0997,CF0997.jpg,FARM_026,2024-01-19,Damaged,4.1,6.0,14,4.6,Grade C
CF0998,CF0998.jpg,FARM_029,2024-03-07,Damaged,2.7,3.0,31,1.4,Grade C
CF0999,CF0999.jpg,FARM_025,2024-03-11,Healthy,8.9,9.7,0,7.5,Grade A
CF1000,CF1000.jpg,FARM_022,2024-03-24,Healthy,8.5,8.0,0,8.5,Grade A
